Vzorek,Plesne,Certovo,horizont,znaceni,cas,ID,CPcr,Dwpuvodni,DWovlhceni,pH,DOC,TN,DOC2,TN2,Cmic,Nmic,Pmic,CCO2,CCO2c,deltaCO2,CO2atm,CCO2.s,CCO2.g,CCO2.g2,Gl,Glcorrected,DOCatm,Cmicatm,Cmicg,CUE,Cmicg2,DOCg,DOCg2,Glfound,NH4,NO3,PO4,DOP,DON,NH42,NO32,DON2,PO42,BG,CELL,PH,ALA,CHIT,PHO,PER,bg,cell,phos,ala,chit,Sorption
1,1,0.0,O,NE,0,1,73.8,0.41,0.33,3.37,66.7,4.4,88.0,7.9,358.1,45.7,5.5,20.0,,,,,,,0.0,0.0,0.0108,0.0108,,0.68,,,,,1.93,0.23,0.04,0.04,2.27,2.59,0.31,5.02,0.53,0.04,0.01,0.03,0.04,0.00,0.07,0.09,0.752883955,0.100772364,1.779010126,0.04480934,0.185219152,1.025498583
2,0.75,0.3,O,NE,0,2,69.8,0.39,0.32,3.32,60.9,6.3,82.8,10.0,279.2,35.8,5.6,20.2,,,,,,,0.0,0.0,0.0108,0.0108,,0.59,,,,,3.24,0.21,0.03,0.03,2.80,3.80,0.30,5.94,0.56,0.03,0.01,0.02,0.04,0.00,0.08,0.12,0.588424842,0.117501115,1.25517719,0.037931466,0.26381991,0.994841649
3,0.5,0.5,O,NE,0,3,65.8,0.38,0.31,3.28,59.0,7.6,84.0,10.4,275.6,37.2,6.6,19.8,,,,,,,0.0,0.0,0.0108,0.0108,,0.59,,,,,5.00,0.17,0.03,0.11,2.38,5.26,0.29,4.84,0.66,0.02,0.01,0.02,0.04,0.00,0.10,0.13,0.450401049,0.046556879,1.492657486,0.03417404,0.253084979,0.806520481
4,0.25,0.8,O,NE,0,4,61.8,0.36,0.30,3.23,51.0,9.2,93.5,14.7,252.4,33.5,5.3,18.4,,,,,,,0.0,0.0,0.0108,0.0108,,0.55,,,,,6.12,0.19,0.04,0.05,2.85,7.87,0.29,6.51,0.72,0.02,0.00,0.03,0.02,0.00,0.11,0.11,0.613019953,0.062107689,2.247551558,0.057015532,0.358492307,0.990462087
5,0,1.0,O,NE,0,5,57.8,0.35,0.29,3.18,53.9,9.5,89.5,15.4,222.7,30.9,5.1,17.2,,,,,,,0.0,0.0,0.0108,0.0108,,0.52,,,,,7.47,0.15,0.04,0.04,1.92,8.90,0.27,6.24,0.73,0.02,0.00,0.02,0.02,0.00,0.11,0.08,0.451173471,0.033476825,1.428366387,0.013869311,0.283900782,1.1043307
6,1,0.0,O,NE,0,1,73.8,0.41,0.33,3.12,56.3,2.8,80.1,5.7,213.7,24.7,6.7,16.6,,,,,,,0.0,0.0,0.0108,0.0108,,0.60,,,,,0.68,0.12,0.04,0.06,2.04,1.23,0.24,4.22,0.63,0.02,0.01,0.02,0.04,0.00,0.10,0.04,0.527275008,0.056997598,1.056050246,0.015892935,0.272086017,0.810900043
7,0.75,0.3,O,NE,0,2,69.8,0.40,0.33,3.04,51.9,4.6,78.6,7.6,206.2,23.3,5.2,14.5,,,,,,,0.0,0.0,0.0108,0.0108,,0.57,,,,,1.96,0.22,0.03,0.05,2.43,2.57,0.32,4.72,0.56,0.03,0.00,0.02,0.03,0.00,0.13,0.07,0.728127203,0.077148348,1.464962245,0.007769251,0.35713225,0.964184714
8,0.5,0.5,O,NE,0,3,65.8,0.40,0.32,2.95,47.9,5.6,72.8,8.0,176.9,21.5,4.2,13.1,,,,,,,0.0,0.0,0.0108,0.0108,,0.57,,,,,2.52,0.38,0.04,0.05,2.66,3.08,0.59,4.28,0.33,0.03,0.01,0.02,0.03,0.00,0.09,0.15,0.73009787,0.080246094,1.115170062,0.00093328,0.256195,1.117469386
9,0.25,0.8,O,NE,0,4,61.8,0.39,0.32,2.87,34.3,5.2,68.2,9.4,168.2,19.9,4.4,11.3,,,,,,,0.0,0.0,0.0108,0.0108,,0.55,,,,,3.35,0.39,0.03,0.04,1.50,4.71,0.57,4.12,0.30,0.03,0.01,0.02,0.02,0.00,0.11,0.12,0.794517451,0.090820829,1.367532356,0,0.206143886,1.038637269
10,0,1.0,O,NE,0,5,57.8,0.39,0.32,2.78,41.1,7.8,64.0,10.3,143.2,17.3,3.8,8.7,,,,,,,0.0,0.0,0.0108,0.0108,,0.59,,,,,4.70,0.75,0.05,0.03,2.34,4.81,0.69,4.82,0.34,0.04,0.01,0.02,0.02,0.00,0.11,0.18,1.049577576,0.153452228,1.186626279,0,0.157276054,1.069294203
11,1,0.0,O,NE,0,1,73.8,0.42,0.34,3.25,42.6,3.0,66.8,6.0,250.5,31.6,5.6,14.8,,,,,,,0.0,0.0,0.0108,0.0108,,0.77,,,,,1.25,0.14,0.03,0.05,1.60,2.17,0.10,3.69,0.47,0.08,0.03,0.03,0.03,0.00,0.09,0.17,1.716137974,0.358086198,1.993754149,0.015551003,0.359554276,1.016739459
12,0.75,0.3,O,NE,0,2,69.8,0.40,0.33,3.14,53.5,4.0,67.6,6.3,247.0,31.9,6.6,14.0,,,,,,,0.0,0.0,0.0108,0.0108,,0.70,,,,,1.77,0.17,0.03,0.04,2.01,2.25,0.24,3.80,0.68,0.08,0.02,0.03,0.03,0.00,0.09,0.20,1.69764585,0.413781134,2.037117634,0.00508401,0.272473815,0.859075225
13,0.5,0.5,O,NE,0,3,65.8,0.38,0.31,3.02,57.2,4.7,75.3,7.5,242.9,32.5,6.2,13.5,,,,,,,0.0,0.0,0.0107,0.0108,,0.68,,,,,2.03,0.22,0.02,0.03,2.45,2.44,0.31,4.72,0.70,0.08,0.03,0.04,0.03,0.00,0.17,0.13,1.946181619,0.336024077,2.739835211,0.001195329,0.233741211,0.815279605
14,0.25,0.8,O,NE,0,4,61.8,0.36,0.30,2.91,46.7,4.7,78.9,9.2,226.2,29.4,6.9,12.6,,,,,,,0.0,0.0,0.0108,0.0108,,0.65,,,,,2.05,0.21,0.02,0.03,2.45,3.01,0.41,5.83,0.72,0.04,0.01,0.02,0.02,0.00,0.14,0.15,0.976099077,0.190663743,1.538902616,0,0.126006261,0.648856247
15,0,1.0,O,NE,0,5,57.842416311,0.341836735,0.280194045,2.790000000,64.105389489,7.106194893,84.505258889,10.256479316,187.897602089,23.742086143,6.233228265,10.598578709,,,,,,,0.000000000,0.000000000,0.010778947,0.010785937,,0.633405210,,,,,2.811857799,0.275122887,0.027657386,0.037181542,4.019214207,2.694845658,0.412684330,7.148949329,0.767120582,0.028147424,0.009778176,0.019547114,0.022134798,0.000964038,0.159119354,0.128397035,0.818664036,0.135653514,1.647058520,0.000000000,0.164284971,0.732067926
16,1,0.0,O,NE,0,1,73.831684227,0.301181102,0.246869756,3.050000000,67.126247996,3.878830844,90.810722969,6.938554851,293.509028905,34.413474148,9.612820648,18.635605593,,,,,,,0.000000000,0.000000000,0.010768014,0.010786401,,0.594465164,,,,,0.869704683,0.131843529,0.038715299,0.072852776,2.877282632,1.341180228,0.236508787,5.360865837,0.923174983,0.009191131,0.002372831,0.013389546,0.033621897,0.001454369,0.086538803,0.146412695,0.265843646,0.013404318,1.183114875,0.014150434,0.337703416,0.635717561
17,0.75,0.3,O,NE,0,2,69.834367248,0.323881372,0.265476535,3.047500000,41.721276770,4.652858832,88.085595920,8.729000308,264.733455634,30.746428854,6.977992024,16.697069457,,,,,,,0.000000000,0.000000000,0.010766439,0.010791831,,0.574060400,,,,,2.612838816,0.130668827,0.019460439,0.043269581,1.909351188,3.607821889,0.288761977,4.832416442,0.864574164,0.012591508,0.002503608,0.016533066,0.028107666,0.002137614,0.079746827,0.096277489,0.347227058,0.025646081,1.301144967,0.000000000,0.325090691,0.797761357
18,0.5,0.5,O,NE,0,3,65.837050269,0.346581642,0.284083314,3.045000000,58.069242821,8.023980414,85.041919057,10.688925327,204.964986437,26.190907246,5.412221244,15.026880462,,,,,,,0.000000000,0.000000000,0.010765044,0.010793331,,0.649175561,,,,,5.009538648,0.163567542,0.031143229,0.044993887,2.850874224,5.059957317,0.285426618,5.343541392,0.722399332,0.026952326,0.006598644,0.023215991,0.027355300,0.003565731,0.081568541,0.083945147,0.731170901,0.071553631,1.840825877,0.000000000,0.595519976,0.968564276
19,0.25,0.8,O,NE,0,4,61.839733290,0.369281913,0.302690092,3.042500000,51.528783691,9.339403937,79.414202640,12.418267415,190.652285374,22.826483722,5.798348599,12.998517394,,,,,,,0.000000000,0.000000000,0.010769448,0.010792091,,0.687120601,,,,,7.201189669,0.172849303,0.038936190,0.042445293,1.965364965,7.107022563,0.269767535,5.041477317,0.758281024,0.020665934,0.003368213,0.017343475,0.020402623,0.002117879,0.070818802,0.056320468,0.513650030,0.049415207,1.253214978,0.000000000,0.333380864,0.832797853
20,0,1.0,O,NE,0,5,57.842416311,0.391982183,0.321296871,3.040000000,47.119352689,9.927090710,77.392815313,13.405254672,180.071984683,21.486795795,4.456846378,11.177893336,,,,,,,0.000000000,0.000000000,0.010767069,0.010789766,,0.640175432,,,,,7.561699289,0.199494858,0.040299223,0.036252561,2.165896563,8.250526745,0.300353060,4.854374868,0.689154862,0.034517355,0.011564974,0.019556732,0.021538124,0.002743815,0.061314132,0.082552683,0.832903759,0.139759763,1.417640833,0.000000000,0.394786488,0.863454787
21,1,0.0,A,NE,0,6,73.831684227,0.334685598,0.301518557,2.620000000,47.283002695,3.085854980,51.584750713,4.564570268,142.150641148,17.011203167,7.537288560,12.406679048,,,,,,,0.000000000,0.000000000,0.010785042,0.010803620,,0.441842607,,,,,0.316740744,0.165235455,0.041871788,0.045774870,2.603878781,0.324000372,0.190801973,4.049767923,0.379718082,0.076141536,0.015084694,0.008331349,0.023201372,0.001529418,0.135790277,0.516690777,1.001035117,0.204864965,0.600424553,0.008610830,0.182103093,0.618199313
22,0.75,0.3,A,NE,0,7,69.834367248,0.344686655,0.310528518,2.625000000,34.220350285,1.933453906,51.757347673,4.652793671,116.514752248,14.090319734,8.532595714,12.765354067,,,,,,,0.000000000,0.000000000,0.010777345,0.010806138,,0.504997188,,,,,0.189863036,0.152625976,0.029530829,0.033676782,1.590964895,0.394590248,0.243190184,4.015013239,0.629573651,0.035345927,0.014510533,0.010267817,0.024580291,0.003411794,0.113602493,0.724555608,0.912357995,0.182474097,0.692067762,0.000000000,0.185908521,0.460535079
23,0.5,0.5,A,NE,0,8,65.837050269,0.354687712,0.319538480,2.630000000,43.027032896,2.688455408,45.756803957,3.853255435,116.611657134,15.245935651,5.327380273,11.228677410,,,,,,,0.000000000,0.000000000,0.010779823,0.010805342,,0.395612737,,,,,0.310047452,0.218686207,0.031224401,0.031273724,2.159721749,0.405801780,0.255990187,3.191463468,0.292389924,0.117492472,0.023455818,0.015682621,0.023065428,0.003688541,0.146167711,0.983481594,1.586615621,0.362499571,1.261644209,0.026977391,0.562941406,0.666374495
24,0.25,0.8,A,NE,0,9,61.839733290,0.364688769,0.328548441,2.635000000,38.907294336,2.740734219,47.279242976,4.494930125,98.339660300,12.872576111,5.787501953,11.030585515,,,,,,,0.000000000,0.000000000,0.010782697,0.010811386,,0.394861787,,,,,0.390617901,0.182708373,0.025257625,0.028529332,2.167407945,0.564563803,0.275040190,3.655326131,0.225195973,0.038890115,0.018394157,0.013088374,0.023201184,0.002930205,0.134942452,0.968327103,0.910176733,0.194563206,0.890278012,0.000965865,0.406018745,0.543746758
25,0,1.0,A,NE,0,10,57.842416311,0.374689826,0.337558402,2.640000000,30.962169268,2.458241708,45.239445976,4.273456188,95.295554342,13.011098771,4.940455806,10.807720789,,,,,,,0.000000000,0.000000000,0.010785854,0.010807858,,0.367010435,,,,,0.576842577,0.196439426,0.022479039,0.036161329,1.684959705,0.672137196,0.293919055,3.307399937,0.204786117,0.038194467,0.020086766,0.013779128,0.023287842,0.002948723,0.130864405,1.034200333,0.890942786,0.215166331,0.927882325,0.005073916,0.403347358,0.521848948
26,1,0.0,A,NE,0,6,73.831684227,0.298994975,0.269364842,2.730000000,24.841180067,2.741400194,41.005723678,4.592186493,117.484062445,16.442836485,8.337702154,10.713605311,,,,,,,0.000000000,0.000000000,0.010783180,0.010812163,,0.361259577,,,,,0.646032930,0.206953125,0.051544976,0.040739206,1.888414140,0.974790732,0.322751480,3.294644282,0.394970609,0.080848508,0.013930504,0.011628566,0.023582741,0.001406077,0.313666551,0.720699009,1.082623789,0.178299729,0.915513211,0.015179593,0.165122999,0.692651868
27,0.75,0.3,A,NE,0,7,69.834367248,0.325556715,0.293294338,2.692500000,28.367350723,3.009330367,43.135857229,4.797698343,115.508336767,15.134384932,6.746213603,9.598310110,,,,,,,0.000000000,0.000000000,0.010783850,0.010799590,,0.380937728,,,,,0.697970927,0.323675499,0.046899122,0.035327376,1.987683941,0.866055046,0.400578851,3.531064446,0.324077181,0.032557557,0.010764665,0.011239858,0.022937656,0.002834861,0.325564124,0.798289778,0.940278184,0.139375734,0.877541363,0.012459323,0.145326862,0.670754057
28,0.5,0.5,A,NE,0,8,65.837050269,0.352118455,0.317223833,2.655000000,28.930997704,3.295340219,39.605976584,4.655395113,91.574912823,11.685064234,7.062340236,9.443585261,,,,,,,0.000000000,0.000000000,0.010783499,0.010798429,,0.341828969,,,,,0.748823341,0.357761152,0.038984481,0.031837165,2.188755725,1.012231552,0.449113999,3.194049561,0.268986660,0.051122073,0.009482446,0.008626779,0.023754964,0.001229808,0.190408768,1.015133352,0.655700355,0.100166576,0.561927390,0.000000000,0.105849786,0.486812452
29,0.25,0.8,A,NE,0,9,61.839733290,0.378680195,0.341153329,2.617500000,24.827131170,2.913553845,39.018716503,4.688717940,110.100947633,9.819317731,4.072237332,7.641468213,,,,,,,0.000000000,0.000000000,0.010780631,0.010798380,,0.359778650,,,,,0.681652970,0.349404684,0.032085505,0.025423576,1.882496192,0.891016814,0.538961955,3.258739171,0.250119146,0.021965438,0.007772788,0.007733704,0.023845575,0.001254091,0.145883133,1.134693743,0.549345051,0.087267601,0.520089497,0.025242679,0.113574159,0.670754057
30,0,1.0,A,NE,0,10,57.842416311,0.405241935,0.365082825,2.580000000,22.834917370,3.056907071,40.574360592,4.791966506,62.342848887,7.404380070,3.192360837,8.101503860,,,,,,,0.000000000,0.000000000,0.010781964,0.010796525,,0.393973532,,,,,0.752325056,0.504417527,0.023526051,0.020299767,1.800164488,0.820884130,0.519276338,3.451806038,0.202660276,0.027171608,0.009187173,0.008874085,0.024114324,0.001720924,0.138698858,1.218370509,0.619665292,0.098357999,0.553439002,0.001278613,0.126168093,0.631337999
31,1,0.0,A,NE,0,6,73.831684227,0.521870287,0.470153411,2.850000000,13.426446432,1.185619961,24.646202197,2.495578579,80.622363717,10.096481192,3.974788964,6.783151852,,,,,,,0.000000000,0.000000000,0.010777268,0.010802273,,0.471199008,,,,,0.111737793,0.076667915,0.017169562,0.014387293,0.997214253,0.286732941,0.079856085,2.128989553,0.417230671,0.088114736,0.018057395,0.010898209,0.022738764,0.001004271,0.079699656,0.756992848,0.695770291,0.142757483,0.498906573,0.010157822,0.076860169,0.626958437
32,0.75,0.3,A,NE,0,7,69.834367248,0.492713199,0.443885765,2.767500000,14.586758133,1.348724294,25.657082272,2.672845927,74.008200660,8.728316505,3.949772265,6.547054405,,,,,,,0.000000000,0.000000000,0.010773906,0.010804286,,0.448330704,,,,,0.203896561,0.116902839,0.020149643,0.020124054,1.027924894,0.292766303,0.172379427,2.207700198,0.141132240,0.024165142,0.011154985,0.008575425,0.027823647,0.001687260,0.077897410,0.740351198,0.466005040,0.100373819,0.432881596,0.004428059,0.057148061,0.749586174
33,0.5,0.5,A,NE,0,8,65.837050269,0.463556111,0.417618118,2.685000000,15.745494219,1.599003947,29.641212238,2.961973001,66.456916752,7.795817225,2.857075352,7.468619160,,,,,,,0.000000000,0.000000000,0.010777513,0.010803062,,0.417974244,,,,,0.221848872,0.133998086,0.017551140,0.012497178,1.243156989,0.375787150,0.224925359,2.361260492,0.184925231,0.063862651,0.012359559,0.010697327,0.024050009,0.001428370,0.092959034,0.812438786,0.551253432,0.111119780,0.528284539,0.000000000,0.065181994,0.771483984
34,0.25,0.8,A,NE,0,9,61.839733290,0.434399023,0.391350471,2.602500000,20.110766717,2.041923643,30.460603655,3.152027546,74.583750260,7.700416792,3.191775938,7.791894280,,,,,,,0.000000000,0.000000000,0.010773789,0.010818675,,0.367300059,,,,,0.337052824,0.191507286,0.028960100,0.026492006,1.513363532,0.426544483,0.255707824,2.469775239,0.176637770,0.033695860,0.012077918,0.009838062,0.022942475,0.001271827,0.083302086,0.867216550,0.742596802,0.130375394,0.592418912,0.005959560,0.107222969,0.740827050
35,0,1.0,A,NE,0,10,57.842416311,0.405241935,0.365082825,2.520000000,23.359475263,2.753865533,32.062134178,3.401494625,60.341859849,7.230766595,2.776025419,8.262030538,,,,,,,0.000000000,0.000000000,0.010777180,0.010800677,,0.326527723,,,,,0.431687558,0.273714937,0.040418816,0.019217333,2.048463038,0.461144499,0.367951080,2.572399047,0.193784643,0.025662536,0.006989926,0.008996645,0.022131821,0.001504613,0.124564804,0.824531731,0.590378180,0.059110526,0.561280150,0.001593089,0.082414434,0.745206612
36,1,0.0,A,NE,0,6,73.831684227,0.345600000,0.311351351,2.730000000,29.690615170,2.834802398,49.317240405,5.011883873,151.384260008,17.789872313,12.194735230,19.668445039,,,,,,,0.000000000,0.000000000,0.010776999,0.010803616,,0.457553049,,,,,0.214578872,0.122878499,0.032460289,0.042893972,2.497345026,0.522386457,0.213661869,4.275835547,0.477003321,0.035013895,0.004956111,0.013768693,0.021071149,0.001876592,0.086583686,0.361436550,0.438413266,0.035766741,0.941090737,0.000000000,0.233050706,0.508710262
37,0.75,0.3,A,NE,0,7,69.834367248,0.350407349,0.315682296,2.690000000,29.362407849,2.863742579,47.894070442,4.790276757,172.559028853,20.249127975,8.242379753,18.092545769,,,,,,,0.000000000,0.000000000,0.010776977,0.010807662,,0.375657545,,,,,0.347750668,0.129332498,0.033549219,0.038579356,2.386659412,0.592095632,0.233341150,3.964839974,0.414004062,0.017261826,0.006354675,0.008741976,0.026316891,0.001964574,0.097082363,0.598076230,0.420685790,0.066134035,0.593760331,0.002722819,0.132467321,0.661994933
38,0.5,0.5,A,NE,0,8,65.837050269,0.355214698,0.320013242,2.650000000,20.774275665,1.960237408,45.436310211,4.466713811,120.795438317,14.104519853,5.406768749,15.837189438,,,,,,,0.000000000,0.000000000,0.010777496,0.010813415,,0.369168009,,,,,0.403266682,0.150109777,0.018969186,0.028568329,1.406860949,0.664378884,0.236874566,3.565460361,0.256516380,0.077115525,0.013158718,0.013729570,0.022788482,0.001596513,0.129298769,1.148166908,0.882501384,0.155590263,0.877562011,0.000000000,0.136655998,0.740827050
39,0.25,0.8,A,NE,0,9,61.839733290,0.360022047,0.324344187,2.610000000,30.554963325,2.721243647,44.227549016,4.225734544,103.693773259,12.530638733,8.507707868,12.137269832,,,,,,,0.000000000,0.000000000,0.010777803,0.010808899,,0.376869108,,,,,0.501313576,0.202462024,0.029467574,0.028073838,2.017468047,0.712725008,0.323499103,3.189510433,0.178162838,0.039181086,0.018524979,0.012459321,0.022373702,0.001703972,0.137088119,1.349916560,1.058886636,0.273526519,0.945469015,0.006653410,0.160687007,0.429878145
40,0,1.0,A,NE,0,10,57.842416311,0.364829396,0.328675132,2.570000000,28.556349283,2.733162749,41.360469731,4.173526813,93.857914021,9.981891270,3.907956486,10.171198690,,,,,,,0.000000000,0.000000000,0.010778959,0.010833208,,0.339361982,,,,,0.566373084,0.245399381,0.027605669,0.022857647,1.921390284,0.764140372,0.383517970,3.025868470,0.200462180,0.024977718,0.008692040,0.009850600,0.020701060,0.001025384,0.144011942,1.663436831,0.560943372,0.073282711,0.613074646,0.000000000,0.059342432,0.609440189
41,1,0.0,O,JO,0,11,73.831684227,0.405213270,0.332142025,3.370000000,66.713783991,4.428138473,88.033645692,7.913077326,358.083496715,45.653526345,5.489921751,43.570885798,,,,,,,287.473250713,206.822630226,0.010771117,0.010784256,,0.675270353,,,,,1.925081383,0.232092866,0.036747413,0.039222960,2.270964224,2.587119120,0.309886956,5.016071250,0.525192067,0.035681084,0.009638274,0.028871171,0.043362669,0.001372788,0.072960404,0.093069906,0.752883955,0.100772364,1.779010126,0.044809340,0.185219152,1.025498583
42,0.75,0.3,O,JO,0,12,69.834367248,0.390866474,0.320382356,3.322500000,60.898040789,6.252677910,82.764044578,10.048218599,279.157498527,35.842255515,5.556740521,46.486572991,,,,,,,298.024987165,212.935128017,0.010779530,0.010780733,,0.591520112,,,,,3.238902975,0.209421433,0.025599054,0.029327359,2.804353501,3.800479173,0.303883867,5.943855559,0.559640269,0.027228666,0.005826696,0.020274492,0.038688912,0.001847710,0.084218307,0.117484171,0.588424842,0.117501115,1.255177190,0.037931466,0.263819910,0.994841649
43,0.5,0.5,O,JO,0,13,65.837050269,0.376519679,0.308622687,3.275000000,59.009725998,7.552493391,83.986767499,10.384837417,275.581357941,37.207978344,6.640241111,46.977972700,,,,,,,309.380844180,219.513443467,0.010780099,0.010786947,,0.593668352,,,,,5.004389827,0.167676431,0.029190071,0.110271250,2.380427133,5.258949633,0.286321962,4.839565822,0.659709845,0.019028993,0.005089344,0.022093883,0.035752492,0.001813430,0.099303079,0.126492282,0.450401049,0.046556879,1.492657486,0.034174040,0.253084979,0.806520481
44,0.25,0.8,O,JO,0,14,61.839733290,0.362172883,0.296863019,3.227500000,50.997596978,9.157257508,93.494310640,14.672097456,252.417001469,33.459556913,5.323702745,48.878774221,,,,,,,321.636382919,226.612934040,0.010774631,0.010787959,,0.554015883,,,,,6.116299287,0.190908941,0.036981252,0.045956084,2.850049280,7.871667725,0.294778793,6.505650938,0.718588827,0.023413839,0.003745405,0.029116620,0.023410186,0.002144950,0.108678850,0.110547026,0.613019953,0.062107689,2.247551558,0.057015532,0.358492307,0.990462087
45,0,1.0,O,JO,0,15,57.842416311,0.347826087,0.285103350,3.180000000,53.889627186,9.547485100,89.485777958,15.407463597,222.748207530,30.904054247,5.074633222,50.349351935,,,,,,,334.902931000,234.298090528,0.010774763,0.010790710,,0.519333947,,,,,7.470148822,0.154219843,0.041337988,0.039700701,1.923116435,8.897349988,0.270886153,6.239227457,0.725497495,0.018400595,0.004531896,0.019268228,0.022976316,0.001769918,0.112062051,0.080515530,0.451173471,0.033476825,1.428366387,0.013869311,0.283900782,1.104330700
46,1,0.0,O,JO,0,11,73.831684227,0.405213270,0.332142025,3.120000000,56.260103578,2.840021547,80.117030793,5.700458670,213.747108511,24.708434594,6.744277353,42.247058792,,,,,,,287.473250713,206.822630226,0.010772890,0.010793164,,0.598051739,,,,,0.676507724,0.120559350,0.036164120,0.057196293,2.042954473,1.233244068,0.244127311,4.223087291,0.627628910,0.024037774,0.006129290,0.016280142,0.035502444,0.001734639,0.103378727,0.035354939,0.527275008,0.056997598,1.056050246,0.015892935,0.272086017,0.810900043
47,0.75,0.3,O,JO,0,12,69.834367248,0.400476476,0.328259407,3.035000000,51.903215014,4.610979608,78.633933479,7.609187257,206.193254241,23.263751680,5.170964225,40.266142669,,,,,,,290.873454296,207.825447176,0.010774188,0.010795181,,0.572932220,,,,,1.956548750,0.221791479,0.032952352,0.049498616,2.432639379,2.569881917,0.323554628,4.715750713,0.561017828,0.030054618,0.004225977,0.021693278,0.028984256,0.002389791,0.125095730,0.069269105,0.728127203,0.077148348,1.464962245,0.007769251,0.357132250,0.964184714
48,0.5,0.5,O,JO,0,13,65.837050269,0.395739682,0.324376789,2.950000000,47.929736222,5.552953140,72.838920069,7.951116830,176.889570515,21.522190595,4.170895790,34.990590922,,,,,,,294.355055142,208.852270500,0.010774234,0.010796721,,0.567764262,,,,,2.516878129,0.376277461,0.035934882,0.049071602,2.659797550,3.080340791,0.593242126,4.277533914,0.332981181,0.030577243,0.007402226,0.016743726,0.028961792,0.001841142,0.094331528,0.149339675,0.730097870,0.080246094,1.115170062,0.000933280,0.256195000,1.117469386
49,0.25,0.8,O,JO,0,14,61.839733290,0.391002888,0.320494171,2.865000000,34.325374482,5.241615487,68.195688284,9.403305182,168.168738317,19.928183119,4.425016114,35.974489778,,,,,,,297.921011508,209.903972670,0.010775125,0.010789634,,0.546559155,,,,,3.349128495,0.394198526,0.033952250,0.035600667,1.498288466,4.707814263,0.573703618,4.121787301,0.296573264,0.033552401,0.005208567,0.020513593,0.021584241,0.001797923,0.113831854,0.118421240,0.794517451,0.090820829,1.367532356,0.000000000,0.206143886,1.038637269
50,0,1.0,O,JO,0,15,57.842416311,0.386266094,0.316611553,2.780000000,41.084235341,7.788011603,64.012752430,10.321192259,143.242693200,17.268868269,3.800513693,30.015208194,,,,,,,301.574426756,210.981468958,0.010775268,0.010797184,,0.589324569,,,,,4.697763407,0.746213498,0.049666207,0.033229462,2.344034697,4.810634774,0.688951194,4.821606292,0.336030681,0.041562654,0.012220809,0.016525073,0.022193258,0.001477658,0.110658265,0.184988939,1.049577576,0.153452228,1.186626279,0.000000000,0.157276054,1.069294203
51,1,0.0,O,JO,0,11,73.831684227,0.416452442,0.341354461,3.250000000,42.570042115,2.980840489,66.848554208,5.958126259,250.545740024,31.642848688,5.611850705,37.518701237,,,,,,,279.714954716,201.240924170,0.010767171,0.010781362,,0.767220905,,,,,1.250006274,0.135288401,0.032634150,0.051787199,1.595545814,2.166008418,0.098277509,3.693840332,0.473047846,0.084577098,0.033308265,0.031039778,0.034210003,0.002363075,0.089781112,0.167765648,1.716137974,0.358086198,1.993754149,0.015551003,0.359554276,1.016739459
52,0.75,0.3,O,JO,0,12,69.834367248,0.397798515,0.326064357,3.135000000,53.478355265,3.954654285,67.649808578,6.288306385,246.971209433,31.850011341,6.594627769,35.900952890,,,,,,,292.831600727,209.224518324,0.010768873,0.010781591,,0.697230948,,,,,1.770515284,0.171184836,0.031193638,0.038824501,2.012954166,2.250066324,0.242110522,3.796129538,0.684047387,0.076797786,0.016568398,0.030479335,0.030521369,0.001827221,0.091328992,0.196338835,1.697645850,0.413781134,2.037117634,0.005084010,0.272473815,0.859075225
53,0.5,0.5,O,JO,0,13,65.837050269,0.379144588,0.310774253,3.020000000,57.181189041,4.700447358,75.250557084,7.471381230,242.933941320,32.469846520,6.203695373,38.543819090,,,,,,,307.238925613,217.993698695,0.010678035,0.010815110,,0.679041594,,,,,2.029882180,0.217733459,0.024728098,0.034952418,2.452831720,2.438859724,0.314197649,4.718323857,0.696849200,0.082628169,0.026913916,0.038936396,0.027711578,0.001814016,0.169143952,0.129185643,1.946181619,0.336024077,2.739835211,0.001195329,0.233741211,0.815279605
54,0.25,0.8,O,JO,0,14,61.839733290,0.360490662,0.295484149,2.905000000,46.670607209,4.706946161,78.923594145,9.242625235,226.214748569,29.402862988,6.863051138,39.651433794,,,,,,,323.137291534,227.670417967,0.010765658,0.010791084,,0.648992182,,,,,2.047958203,0.209192239,0.020653155,0.033145308,2.449795720,3.009533922,0.406789527,5.826301786,0.721942105,0.038175052,0.008316562,0.020342173,0.020772070,0.000909445,0.141419536,0.152925681,0.976099077,0.190663743,1.538902616,0.000000000,0.126006261,0.648856247
55,0,1.0,O,JO,0,15,57.842416311,0.341836735,0.280194045,2.790000000,64.105389489,7.106194893,84.505258889,10.256479316,187.897602089,23.742086143,6.233228265,38.477982534,,,,,,,340.770795463,238.403248506,0.010778947,0.010785937,,0.633405210,,,,,2.811857799,0.275122887,0.027657386,0.037181542,4.019214207,2.694845658,0.412684330,7.148949329,0.767120582,0.028147424,0.009778176,0.019547114,0.022134798,0.000964038,0.159119354,0.128397035,0.818664036,0.135653514,1.647058520,0.000000000,0.164284971,0.732067926
56,1,0.0,O,JO,0,11,73.831684227,0.301181102,0.246869756,3.050000000,67.126247996,3.878830844,90.810722969,6.938554851,293.509028905,34.413474148,9.612820648,49.151679541,,,,,,,386.770534693,278.262061185,0.010768014,0.010786401,,0.594465164,,,,,0.869704683,0.131843529,0.038715299,0.072852776,2.877282632,1.341180228,0.236508787,5.360865837,0.923174983,0.009191131,0.002372831,0.013389546,0.033621897,0.001454369,0.086538803,0.146412695,0.265843646,0.013404318,1.183114875,0.014150434,0.337703416,0.635717561
57,0.75,0.3,O,JO,0,12,69.834367248,0.323881372,0.265476535,3.047500000,41.721276770,4.652858832,88.085595920,8.729000308,264.733455634,30.746428854,6.977992024,49.332525470,,,,,,,359.662474956,256.974342575,0.010766439,0.010791831,,0.574060400,,,,,2.612838816,0.130668827,0.019460439,0.043269581,1.909351188,3.607821889,0.288761977,4.832416442,0.864574164,0.012591508,0.002503608,0.016533066,0.028107666,0.002137614,0.079746827,0.096277489,0.347227058,0.025646081,1.301144967,0.000000000,0.325090691,0.797761357
58,0.5,0.5,O,JO,0,13,65.837050269,0.346581642,0.284083314,3.045000000,58.069242821,8.023980414,85.041919057,10.688925327,204.964986437,26.190907246,5.412221244,45.019627423,,,,,,,336.105441596,238.475213449,0.010765044,0.010793331,,0.649175561,,,,,5.009538648,0.163567542,0.031143229,0.044993887,2.850874224,5.059957317,0.285426618,5.343541392,0.722399332,0.026952326,0.006598644,0.023215991,0.027355300,0.003565731,0.081568541,0.083945147,0.731170901,0.071553631,1.840825877,0.000000000,0.595519976,0.968564276
59,0.25,0.8,O,JO,0,14,61.839733290,0.369281913,0.302690092,3.042500000,51.528783691,9.339403937,79.414202640,12.418267415,190.652285374,22.826483722,5.798348599,35.507213609,,,,,,,315.444575100,222.250418444,0.010769448,0.010792091,,0.687120601,,,,,7.201189669,0.172849303,0.038936190,0.042445293,1.965364965,7.107022563,0.269767535,5.041477317,0.758281024,0.020665934,0.003368213,0.017343475,0.020402623,0.002117879,0.070818802,0.056320468,0.513650030,0.049415207,1.253214978,0.000000000,0.333380864,0.832797853
60,0,1.0,O,JO,0,15,57.842416311,0.391982183,0.321296871,3.040000000,47.119352689,9.927090710,77.392815313,13.405254672,180.071984683,21.486795795,4.456846378,34.576346291,,,,,,,297.176711500,207.904827365,0.010767069,0.010789766,,0.640175432,,,,,7.561699289,0.199494858,0.040299223,0.036252561,2.165896563,8.250526745,0.300353060,4.854374868,0.689154862,0.034517355,0.011564974,0.019556732,0.021538124,0.002743815,0.061314132,0.082552683,0.832903759,0.139759763,1.417640833,0.000000000,0.394786488,0.863454787
61,1,0.0,A,JO,0,16,73.831684227,0.334685598,0.301518557,2.620000000,47.283002695,3.085854980,51.584750713,4.564570268,142.150641148,17.011203167,7.537288560,36.642093884,,,,,,,111.202823577,80.004871423,0.010785042,0.010803620,,0.441842607,,,,,0.316740744,0.165235455,0.041871788,0.045774870,2.603878781,0.324000372,0.190801973,4.049767923,0.379718082,0.076141536,0.015084694,0.008331349,0.023201372,0.001529418,0.135790277,0.516690777,1.001035117,0.204864965,0.600424553,0.008610830,0.182103093,0.618199313
62,0.75,0.3,A,JO,0,17,69.834367248,0.344686655,0.310528518,2.625000000,34.220350285,1.933453906,51.757347673,4.652793671,116.514752248,14.090319734,8.532595714,33.601985299,,,,,,,107.976282144,77.147703888,0.010777345,0.010806138,,0.504997188,,,,,0.189863036,0.152625976,0.029530829,0.033676782,1.590964895,0.394590248,0.243190184,4.015013239,0.629573651,0.035345927,0.014510533,0.010267817,0.024580291,0.003411794,0.113602493,0.724555608,0.912357995,0.182474097,0.692067762,0.000000000,0.185908521,0.460535079
63,0.5,0.5,A,JO,0,18,65.837050269,0.354687712,0.319538480,2.630000000,43.027032896,2.688455408,45.756803957,3.853255435,116.611657134,15.245935651,5.327380273,33.300742202,,,,,,,104.931696970,74.451662293,0.010779823,0.010805342,,0.395612737,,,,,0.310047452,0.218686207,0.031224401,0.031273724,2.159721749,0.405801780,0.255990187,3.191463468,0.292389924,0.117492472,0.023455818,0.015682621,0.023065428,0.003688541,0.146167711,0.983481594,1.586615621,0.362499571,1.261644209,0.026977391,0.562941406,0.666374495
64,0.25,0.8,A,JO,0,19,61.839733290,0.364688769,0.328548441,2.635000000,38.907294336,2.740734219,47.279242976,4.494930125,98.339660300,12.872576111,5.787501953,35.061773569,,,,,,,102.054098401,71.903490705,0.010782697,0.010811386,,0.394861787,,,,,0.390617901,0.182708373,0.025257625,0.028529332,2.167407945,0.564563803,0.275040190,3.655326131,0.225195973,0.038890115,0.018394157,0.013088374,0.023201184,0.002930205,0.134942452,0.968327103,0.910176733,0.194563206,0.890278012,0.000965865,0.406018745,0.543746758
65,0,1.0,A,JO,0,20,57.842416311,0.374689826,0.337558402,2.640000000,30.962169268,2.458241708,45.239445976,4.273456188,95.295554342,13.011098771,4.940455806,34.932097959,,,,,,,99.330115038,69.491348481,0.010785854,0.010807858,,0.367010435,,,,,0.576842577,0.196439426,0.022479039,0.036161329,1.684959705,0.672137196,0.293919055,3.307399937,0.204786117,0.038194467,0.020086766,0.013779128,0.023287842,0.002948723,0.130864405,1.034200333,0.890942786,0.215166331,0.927882325,0.005073916,0.403347358,0.521848948
66,1,0.0,A,JO,0,16,73.831684227,0.298994975,0.269364842,2.730000000,24.841180067,2.741400194,41.005723678,4.592186493,117.484062445,16.442836485,8.337702154,41.395052978,,,,,,,124.476953387,89.554944114,0.010783180,0.010812163,,0.361259577,,,,,0.646032930,0.206953125,0.051544976,0.040739206,1.888414140,0.974790732,0.322751480,3.294644282,0.394970609,0.080848508,0.013930504,0.011628566,0.023582741,0.001406077,0.313666551,0.720699009,1.082623789,0.178299729,0.915513211,0.015179593,0.165122999,0.692651868
67,0.75,0.3,A,JO,0,17,69.834367248,0.325556715,0.293294338,2.692500000,28.367350723,3.009330367,43.135857229,4.797698343,115.508336767,15.134384932,6.746213603,35.257623786,,,,,,,114.321044022,81.680956941,0.010783850,0.010799590,,0.380937728,,,,,0.697970927,0.323675499,0.046899122,0.035327376,1.987683941,0.866055046,0.400578851,3.531064446,0.324077181,0.032557557,0.010764665,0.011239858,0.022937656,0.002834861,0.325564124,0.798289778,0.940278184,0.139375734,0.877541363,0.012459323,0.145326862,0.670754057
68,0.5,0.5,A,JO,0,18,65.837050269,0.352118455,0.317223833,2.655000000,28.930997704,3.295340219,39.605976584,4.655395113,91.574912823,11.685064234,7.062340236,35.639903066,,,,,,,105.697338503,74.994904101,0.010783499,0.010798429,,0.341828969,,,,,0.748823341,0.357761152,0.038984481,0.031837165,2.188755725,1.012231552,0.449113999,3.194049561,0.268986660,0.051122073,0.009482446,0.008626779,0.023754964,0.001229808,0.190408768,1.015133352,0.655700355,0.100166576,0.561927390,0.000000000,0.105849786,0.486812452
69,0.25,0.8,A,JO,0,19,61.839733290,0.378680195,0.341153329,2.617500000,24.827131170,2.913553845,39.018716503,4.688717940,110.100947633,9.819317731,4.072237332,27.690957085,,,,,,,98.283417007,69.246809995,0.010780631,0.010798380,,0.359778650,,,,,0.681652970,0.349404684,0.032085505,0.025423576,1.882496192,0.891016814,0.538961955,3.258739171,0.250119146,0.021965438,0.007772788,0.007733704,0.023845575,0.001254091,0.145883133,1.134693743,0.549345051,0.087267601,0.520089497,0.025242679,0.113574159,0.670754057
70,0,1.0,A,JO,0,20,57.842416311,0.405241935,0.365082825,2.580000000,22.834917370,3.056907071,40.574360592,4.791966506,62.342848887,7.404380070,3.192360837,22.460774132,,,,,,,91.841392243,64.252238013,0.010781964,0.010796525,,0.393973532,,,,,0.752325056,0.504417527,0.023526051,0.020299767,1.800164488,0.820884130,0.519276338,3.451806038,0.202660276,0.027171608,0.009187173,0.008874085,0.024114324,0.001720924,0.138698858,1.218370509,0.619665292,0.098357999,0.553439002,0.001278613,0.126168093,0.631337999
71,1,0.0,A,JO,0,16,73.831684227,0.521870287,0.470153411,2.850000000,13.426446432,1.185619961,24.646202197,2.495578579,80.622363717,10.096481192,3.974788964,20.408823655,,,,,,,71.316540734,51.308685231,0.010777268,0.010802273,,0.471199008,,,,,0.111737793,0.076667915,0.017169562,0.014387293,0.997214253,0.286732941,0.079856085,2.128989553,0.417230671,0.088114736,0.018057395,0.010898209,0.022738764,0.001004271,0.079699656,0.756992848,0.695770291,0.142757483,0.498906573,0.010157822,0.076860169,0.626958437
72,0.75,0.3,A,JO,0,17,69.834367248,0.492713199,0.443885765,2.767500000,14.586758133,1.348724294,25.657082272,2.672845927,74.008200660,8.728316505,3.949772265,20.991339552,,,,,,,75.536810543,53.970106923,0.010773906,0.010804286,,0.448330704,,,,,0.203896561,0.116902839,0.020149643,0.020124054,1.027924894,0.292766303,0.172379427,2.207700198,0.141132240,0.024165142,0.011154985,0.008575425,0.027823647,0.001687260,0.077897410,0.740351198,0.466005040,0.100373819,0.432881596,0.004428059,0.057148061,0.749586174
73,0.5,0.5,A,JO,0,18,65.837050269,0.463556111,0.417618118,2.685000000,15.745494219,1.599003947,29.641212238,2.961973001,66.456916752,7.795817225,2.857075352,21.494575135,,,,,,,80.287979523,56.966328671,0.010777513,0.010803062,,0.417974244,,,,,0.221848872,0.133998086,0.017551140,0.012497178,1.243156989,0.375787150,0.224925359,2.361260492,0.184925231,0.063862651,0.012359559,0.010697327,0.024050009,0.001428370,0.092959034,0.812438786,0.551253432,0.111119780,0.528284539,0.000000000,0.065181994,0.771483984
74,0.25,0.8,A,JO,0,19,61.839733290,0.434399023,0.391350471,2.602500000,20.110766717,2.041923643,30.460603655,3.152027546,74.583750260,7.700416792,3.191775938,24.290320068,,,,,,,85.676950356,60.364766335,0.010773789,0.010818675,,0.367300059,,,,,0.337052824,0.191507286,0.028960100,0.026492006,1.513363532,0.426544483,0.255707824,2.469775239,0.176637770,0.033695860,0.012077918,0.009838062,0.022942475,0.001271827,0.083302086,0.867216550,0.742596802,0.130375394,0.592418912,0.005959560,0.107222969,0.740827050
75,0,1.0,A,JO,0,20,57.842416311,0.405241935,0.365082825,2.520000000,23.359475263,2.753865533,32.062134178,3.401494625,60.341859849,7.230766595,2.776025419,24.490023769,,,,,,,91.841392243,64.252238013,0.010777180,0.010800677,,0.326527723,,,,,0.431687558,0.273714937,0.040418816,0.019217333,2.048463038,0.461144499,0.367951080,2.572399047,0.193784643,0.025662536,0.006989926,0.008996645,0.022131821,0.001504613,0.124564804,0.824531731,0.590378180,0.059110526,0.561280150,0.001593089,0.082414434,0.745206612
76,1,0.0,A,JO,0,16,73.831684227,0.345600000,0.311351351,2.730000000,29.690615170,2.834802398,49.317240405,5.011883873,151.384260008,17.789872313,12.194735230,41.770713408,,,,,,,107.690924625,77.478235721,0.010776999,0.010803616,,0.457553049,,,,,0.214578872,0.122878499,0.032460289,0.042893972,2.497345026,0.522386457,0.213661869,4.275835547,0.477003321,0.035013895,0.004956111,0.013768693,0.021071149,0.001876592,0.086583686,0.361436550,0.438413266,0.035766741,0.941090737,0.000000000,0.233050706,0.508710262
77,0.75,0.3,A,JO,0,17,69.834367248,0.350407349,0.315682296,2.690000000,29.362407849,2.863742579,47.894070442,4.790276757,172.559028853,20.249127975,8.242379753,40.210875685,,,,,,,106.213478821,75.888202949,0.010776977,0.010807662,,0.375657545,,,,,0.347750668,0.129332498,0.033549219,0.038579356,2.386659412,0.592095632,0.233341150,3.964839974,0.414004062,0.017261826,0.006354675,0.008741976,0.026316891,0.001964574,0.097082363,0.598076230,0.420685790,0.066134035,0.593760331,0.002722819,0.132467321,0.661994933
78,0.5,0.5,A,JO,0,18,65.837050269,0.355214698,0.320013242,2.650000000,20.774275665,1.960237408,45.436310211,4.466713811,120.795438317,14.104519853,5.406768749,37.808015312,,,,,,,104.776023466,74.341208050,0.010777496,0.010813415,,0.369168009,,,,,0.403266682,0.150109777,0.018969186,0.028568329,1.406860949,0.664378884,0.236874566,3.565460361,0.256516380,0.077115525,0.013158718,0.013729570,0.022788482,0.001596513,0.129298769,1.148166908,0.882501384,0.155590263,0.877562011,0.000000000,0.136655998,0.740827050
79,0.25,0.8,A,JO,0,19,61.839733290,0.360022047,0.324344187,2.610000000,30.554963325,2.721243647,44.227549016,4.225734544,103.693773259,12.530638733,8.507707868,33.993398054,,,,,,,103.376956592,72.835526979,0.010777803,0.010808899,,0.376869108,,,,,0.501313576,0.202462024,0.029467574,0.028073838,2.017468047,0.712725008,0.323499103,3.189510433,0.178162838,0.039181086,0.018524979,0.012459321,0.022373702,0.001703972,0.137088119,1.349916560,1.058886636,0.273526519,0.945469015,0.006653410,0.160687007,0.429878145
80,0,1.0,A,JO,0,20,57.842416311,0.364829396,0.328675132,2.570000000,28.556349283,2.733162749,41.360469731,4.173526813,93.857914021,9.981891270,3.907956486,30.198501865,,,,,,,102.014760666,71.369526562,0.010778959,0.010833208,,0.339361982,,,,,0.566373084,0.245399381,0.027605669,0.022857647,1.921390284,0.764140372,0.383517970,3.025868470,0.200462180,0.024977718,0.008692040,0.009850600,0.020701060,0.001025384,0.144011942,1.663436831,0.560943372,0.073282711,0.613074646,0.000000000,0.059342432,0.609440189
1,1,0.0,O,NE,1,1,73.831684227,0.405213270,0.332142025,3.370000000,55.282421238,3.534151137,72.291611044,6.252313184,282.818150780,36.875258391,4.081951313,20.048980896,30.537966733,-24.332138519,0.010784759,20.048980896,0.000000000,0.000000000,0.000000000,0.000000000,0.010771100,0.010786396,,0.675270353,,,,,2.221644490,0.221347826,0.019929152,0.027575900,1.091158821,2.390126718,0.312465766,3.549720700,0.359341941,0.031501405,0.008814239,0.023017844,0.035862705,0.000887952,0.066426645,0.080437938,0.762227969,0.095517756,1.490037627,0.015232309,0.184441386,1.025498583
2,0.75,0.3,O,NE,1,2,69.834367248,0.390866474,0.320382356,3.322500000,43.303535080,4.443633189,63.290773577,6.131581080,235.074690329,32.127030173,4.174107027,20.179789552,32.456614516,-25.659926134,0.010769673,20.179789552,0.000000000,0.000000000,0.000000000,0.000000000,0.010769684,0.010788652,,0.591520112,,,,,3.216624099,0.180013317,0.015722254,0.025727590,1.046995772,3.150678627,0.268683243,2.712219210,0.569754250,0.032733602,0.006304714,0.024374235,0.029741597,0.001506578,0.096937607,0.020847609,0.738215998,0.129401629,1.633411154,0.000000000,0.230766373,0.994841649
3,0.5,0.5,O,NE,1,3,65.837050269,0.376519679,0.308622687,3.275000000,46.626271019,5.824847952,68.200621997,7.884249884,214.916488659,30.166955888,5.833119167,19.797133874,31.842954832,-25.899886141,0.010766567,19.797133874,0.000000000,0.000000000,0.000000000,0.000000000,0.010770196,0.010796544,,0.593668352,,,,,4.403067452,0.215088388,0.021447902,0.023863740,1.206692112,4.561261492,0.302973966,3.020014426,0.565215597,0.019255870,0.004946357,0.031676934,0.031360040,0.001604704,0.097584222,0.074926560,0.477487452,0.042886305,2.204147891,0.002761614,0.283100745,0.806520481
4,0.25,0.8,O,NE,1,4,61.839733290,0.362172883,0.296863019,3.227500000,43.060031354,7.284234022,65.594568318,8.864029550,200.723765810,28.415136792,3.648604256,18.400956017,29.598901059,-26.044765976,0.010764076,18.400956017,0.000000000,0.000000000,0.000000000,0.000000000,0.010770891,0.010795054,,0.554015883,,,,,4.313003247,0.185138393,0.017729247,0.018906028,2.786092381,5.799880942,0.289970003,2.774178605,0.533029180,0.014329271,0.002572551,0.025329975,0.021230089,0.001565978,0.086477385,0.046812594,0.358139052,0.021652319,1.853447713,0.005023201,0.269007063,0.990462087
5,0,1.0,O,NE,1,5,57.842416311,0.347826087,0.285103350,3.180000000,41.798827852,10.679098233,72.752289441,12.278991408,229.941304671,33.788165596,4.055749924,17.208708301,27.682635410,-25.851009581,0.010765328,17.208708301,0.000000000,0.000000000,0.000000000,0.000000000,0.010772234,0.010795851,,0.519333947,,,,,7.445113133,0.134191292,0.017667743,0.024729211,3.099793808,8.793034618,0.282903283,3.203053506,0.680035511,0.018860173,0.004829242,0.025219775,0.024162572,0.002049639,0.107072122,0.105888069,0.527673596,0.052755975,2.021415040,0.012149720,0.377917074,1.104330700
6,1,0.0,O,NE,1,1,73.831684227,0.405213270,0.332142025,3.120000000,52.474718105,3.362230495,67.446666673,4.699010188,203.630496454,25.955718847,5.198301559,16.618262801,26.726771327,-24.706063179,0.010779363,16.618262801,0.000000000,0.000000000,0.000000000,0.000000000,0.010776903,0.010793333,,0.598051739,,,,,0.495991051,0.100788476,0.016234968,0.030526252,2.765450969,1.165192148,0.184384888,3.349433153,0.349586051,0.030328809,0.005783535,0.018926355,0.033887096,0.002184871,0.088786645,0.039057414,0.721190648,0.055942327,1.210230043,0.009649485,0.328860046,0.810900043
7,0.75,0.3,O,NE,1,2,69.834367248,0.400476476,0.328259407,3.035000000,47.083810131,4.397885834,60.172478028,5.416484944,183.237109478,23.800400081,4.428712358,14.489041193,23.302813919,-24.988475768,0.010775013,14.489041193,0.000000000,0.000000000,0.000000000,0.000000000,0.010777612,0.010787964,,0.572932220,,,,,1.323790708,0.293547545,0.026165151,0.028344330,2.780547581,1.896534585,0.368347809,3.151602550,0.427755529,0.027771931,0.004326884,0.016668366,0.027311066,0.002016877,0.102838531,0.106144068,0.678490991,0.074047868,1.087951566,0.000000000,0.267887376,0.964184714
8,0.5,0.5,O,NE,1,3,65.837050269,0.395739682,0.324376789,2.950000000,31.578648261,3.658363117,59.159364881,5.997983755,173.670535918,22.820457858,3.344007117,13.076437735,21.031298748,-25.351642637,0.010769854,13.076437735,0.000000000,0.000000000,0.000000000,0.000000000,0.010777915,0.010789027,,0.567764262,,,,,1.491467036,0.323466589,0.014931392,0.024653068,1.843429492,2.376929319,0.462095128,3.158959309,0.317997028,0.037761873,0.009590173,0.021215891,0.028469657,0.002101246,0.107934893,0.148670649,0.910827452,0.107176112,1.440196150,0.000000000,0.257475135,1.117469386
9,0.25,0.8,O,NE,1,4,61.839733290,0.391002888,0.320494171,2.865000000,32.091106258,6.205954255,56.661350526,8.041193376,158.504093768,21.384713267,3.125481227,11.281695460,18.145077256,-25.950635468,0.010761323,11.281695460,0.000000000,0.000000000,0.000000000,0.000000000,0.010775870,0.010791041,,0.546559155,,,,,3.104146360,0.505554042,0.023877398,0.018724784,2.596253852,4.133962171,0.681495757,3.225735448,0.291518038,0.040346713,0.006598465,0.022348864,0.020085402,0.002209571,0.108414875,0.131361803,0.969162619,0.122670295,1.504162073,0.000000000,0.252241157,1.038637269
10,0,1.0,O,NE,1,5,57.842416311,0.386266094,0.316611553,2.780000000,24.936983976,7.429558593,53.251650840,9.956866482,160.830524949,21.732622730,3.226241227,8.688406907,14.972154612,-26.254213094,0.010754086,8.688406907,0.000000000,0.000000000,0.000000000,0.000000000,0.010779095,0.010790188,,0.589324569,,,,,5.644620414,0.838644778,0.034062656,0.022159265,0.946293402,6.520237703,0.870206678,2.566422101,0.356499555,0.049255204,0.015382545,0.019499389,0.021597505,0.002176706,0.085145180,0.239061473,1.343753643,0.222879260,1.535008876,0.004533230,0.247613096,1.069294203
11,1,0.0,O,NE,1,1,73.831684227,0.416452442,0.341354461,3.250000000,39.740544063,2.763375362,63.939508556,4.675907963,239.270889120,31.265630335,4.724900867,14.822226762,28.603607015,-22.413758777,0.010804596,14.822226762,0.000000000,0.000000000,0.000000000,0.000000000,0.010772099,0.010776483,,0.767220905,,,,,1.331555697,0.115842000,0.015418454,0.031506385,1.315977666,1.602132498,0.199900635,2.873874830,0.321166264,0.066614767,0.022386061,0.023594374,0.033792751,0.001404138,0.064987114,0.137744431,1.408129249,0.229730068,1.510277439,0.011851619,0.244520979,1.016739459
12,0.75,0.3,O,NE,1,2,69.834367248,0.397798515,0.326064357,3.135000000,27.814628243,2.761614189,66.411171238,5.069424384,211.677562014,29.878102133,5.495673051,14.007017883,27.032353173,-23.586570011,0.010790513,14.007017883,0.000000000,0.000000000,0.000000000,0.000000000,0.010771527,0.010780445,,0.697230948,,,,,1.273597666,0.136816525,0.011784263,0.033188213,1.351199999,1.874276936,0.246050838,2.949096609,0.366039885,0.078094733,0.015077194,0.030259230,0.027934157,0.001637474,0.126159716,0.127342943,1.699738456,0.366857391,2.063511113,0.000000000,0.227202070,0.859075225
13,0.5,0.5,O,NE,1,3,65.837050269,0.379144588,0.310774253,3.020000000,33.148387248,3.669199227,67.999382452,7.977577070,224.530609806,27.504237476,5.148596756,13.507304467,26.069787776,-24.445562535,0.010779960,13.507304467,0.000000000,0.000000000,0.000000000,0.000000000,0.010771486,0.010784446,,0.679041594,,,,,1.892076194,0.184200669,0.012675748,0.024610286,1.592922365,4.028987690,0.330275014,3.618314366,0.389262396,0.061446413,0.020411667,0.027968611,0.030385016,0.001294968,0.108236611,0.149591538,1.330718478,0.213042960,1.825795780,0.000000000,0.166209234,0.815279605
14,0.25,0.8,O,NE,1,4,61.839733290,0.360490662,0.295484149,2.905000000,29.960566892,5.057210303,70.857451003,7.467619424,205.590666837,28.545802867,5.722245107,12.627693149,24.373745062,-24.993275494,0.010772441,12.627693149,0.000000000,0.000000000,0.000000000,0.000000000,0.010774892,0.010790794,,0.648992182,,,,,2.738824027,0.285042543,0.013878046,0.023941056,2.033343733,3.126288636,0.326107994,4.015222794,0.398438934,0.033536460,0.006564959,0.020018643,0.020481241,0.001121217,0.116367137,0.099148725,0.840369791,0.132581853,1.485815670,0.000000000,0.181753219,0.648856247
15,0,1.0,O,NE,1,5,57.842416311,0.341836735,0.280194045,2.790000000,25.069755999,4.612256874,74.183578079,8.359137635,184.786608118,26.725641003,4.922059707,10.598578709,20.458419359,-24.889099884,0.010770683,10.598578709,0.000000000,0.000000000,0.000000000,0.000000000,0.010777309,0.010792396,,0.633405210,,,,,2.709960433,0.253979183,0.010705713,0.024513115,1.648317257,3.240845707,0.381096147,4.737195781,0.373923098,0.024446267,0.005981604,0.025107297,0.021191993,0.000967984,0.141133451,0.169962554,0.737195790,0.071266296,2.212096464,0.010390177,0.191041005,0.732067926
16,1,0.0,O,NE,1,1,73.831684227,0.301181102,0.246869756,3.050000000,47.058156591,2.991200067,85.083213359,6.164827053,249.622078980,32.360647269,7.950730795,18.635605593,34.595028214,-24.540950607,0.010779393,18.635605593,0.000000000,0.000000000,0.000000000,0.000000000,0.010769326,0.010790269,,0.594465164,,,,,0.762726381,0.133578312,0.017395726,0.050049685,2.094895374,1.388404884,0.238821831,4.537600338,0.522840808,0.008447186,0.002103611,0.010259860,0.034194733,0.000992278,0.065441311,0.052060011,0.225405185,0.011554837,0.884767706,0.011448937,0.245272043,0.635717561
17,0.75,0.3,O,NE,1,2,69.834367248,0.323881372,0.265476535,3.047500000,44.638124788,4.763093850,78.333898478,7.301846667,228.219603723,30.018339997,5.631591566,16.697069457,30.993679147,-24.738424985,0.010776910,16.697069457,0.000000000,0.000000000,0.000000000,0.000000000,0.010773246,0.010787153,,0.574060400,,,,,2.341284257,0.177989226,0.017879278,0.030728035,2.243820368,2.839761635,0.270479095,4.191605937,0.583841848,0.010428603,0.002462791,0.010565186,0.034120564,0.001251517,0.056494901,0.059492219,0.268676922,0.015243298,0.791989724,0.000000000,0.218171087,0.797761357
18,0.5,0.5,O,NE,1,3,65.837050269,0.346581642,0.284083314,3.045000000,40.014472008,5.828004499,72.290636402,8.892936123,201.503096225,25.741661830,4.146246602,15.026880462,27.890966582,-25.531481115,0.010767654,15.026880462,0.000000000,0.000000000,0.000000000,0.000000000,0.010773125,0.010787610,,0.649175561,,,,,4.054766511,0.172361496,0.020345394,0.035534446,1.600876492,4.744212496,0.288944199,3.859779428,0.499976380,0.013162421,0.003396494,0.015977087,0.029512539,0.001621282,0.063489345,0.065611332,0.297909107,0.017254491,1.125171474,0.000000000,0.262536900,0.968564276
19,0.25,0.8,O,NE,1,4,61.839733290,0.369281913,0.302690092,3.042500000,40.388049561,8.407951347,66.556663639,10.612888276,245.799769583,24.675240255,4.275098336,12.998517394,24.123972265,-26.423452913,0.010756777,12.998517394,0.000000000,0.000000000,0.000000000,0.000000000,0.010774662,0.010785950,,0.687120601,,,,,5.880649288,0.185111464,0.016961244,0.029857024,2.342190595,7.103092383,0.332021581,3.177774311,0.421068992,0.020892757,0.003334610,0.018620027,0.020232662,0.002043839,0.057356061,0.048991633,0.505151743,0.043166936,1.308216786,0.000000000,0.288259681,0.832797853
20,0,1.0,O,NE,1,5,57.842416311,0.391982183,0.321296871,3.040000000,42.739724917,9.949306173,65.164807531,11.731086274,172.831136128,22.375414314,4.048044708,11.177893336,20.743113677,-26.534748607,0.010754581,11.177893336,0.000000000,0.000000000,0.000000000,0.000000000,0.010774663,0.010790766,,0.640175432,,,,,8.472533272,0.204604414,0.027938115,0.032151300,1.272168488,8.602271575,0.330566089,2.798248609,0.447110228,0.039704507,0.012191246,0.022853361,0.020833798,0.003185740,0.060113359,0.122628270,1.023978226,0.157827587,1.738467478,0.005386429,0.471365637,0.863454787
21,1,0.0,A,NE,1,6,73.831684227,0.334685598,0.301518557,2.620000000,38.860468443,3.010102336,47.486111818,3.850589760,134.546623222,16.102171436,6.442100502,12.406679048,22.093718528,-26.652460740,0.010760447,12.406679048,0.000000000,0.000000000,0.000000000,0.000000000,0.010767170,0.010806760,,0.441842607,,,,,0.255191720,0.204058685,0.021096527,0.028581722,2.550851930,0.316267290,0.259452806,3.274869664,0.250757224,0.097337483,0.015028610,0.013207500,0.022069648,0.001988767,0.149625201,0.528526471,1.294289958,0.207665601,0.958498959,0.005917882,0.188018980,0.618199313
22,0.75,0.3,A,NE,1,7,69.834367248,0.344686655,0.310528518,2.625000000,38.698225353,3.828406531,48.299436591,3.931946246,119.127720437,15.533830467,7.286391555,12.765354067,22.732154623,-25.542682410,0.010772993,12.765354067,0.000000000,0.000000000,0.000000000,0.000000000,0.010787825,0.010805288,,0.504997188,,,,,0.445465573,0.243649901,0.031922411,0.025489169,3.139291057,0.469370847,0.356280515,3.106294884,0.191306910,0.027707539,0.012153732,0.010177433,0.022623063,0.003232343,0.126958352,0.596510144,0.752379604,0.157889183,0.748572487,0.000308254,0.180448824,0.460535079
23,0.5,0.5,A,NE,1,8,65.837050269,0.354687712,0.319538480,2.630000000,41.541751697,4.281134322,47.527452725,3.609316444,103.377098986,13.913714467,4.269749722,11.228677410,19.994955141,-25.655697753,0.010771305,11.228677410,0.000000000,0.000000000,0.000000000,0.000000000,0.010784716,0.010803082,,0.395612737,,,,,0.486515382,0.223377127,0.026879257,0.024866250,3.571241813,0.354276123,0.283242197,2.971798125,0.165631286,0.083690256,0.019708405,0.014416784,0.022319148,0.002700382,0.134697676,0.769474547,0.926943113,0.256297635,0.980765617,0.000826525,0.290470653,0.666374495
24,0.25,0.8,A,NE,1,9,61.839733290,0.364688769,0.328548441,2.635000000,27.072125368,2.988400741,41.827778062,3.520764275,103.503986931,14.564529510,4.880591041,11.030585515,19.641820349,-25.516824352,0.010772898,11.030585515,0.000000000,0.000000000,0.000000000,0.000000000,0.010783846,0.010805101,,0.394861787,,,,,0.507933622,0.245494009,0.017493608,0.017934631,2.234973111,0.565287974,0.343691612,2.611784689,0.116707402,0.048874580,0.022697503,0.019885700,0.022127832,0.003439192,0.160507169,0.950859945,1.319823256,0.329827437,1.605245490,0.011344182,0.480371695,0.543746758
25,0,1.0,A,NE,1,10,57.842416311,0.374689826,0.337558402,2.640000000,30.024841104,4.264046549,39.375029356,3.574806365,92.502381829,13.131203823,4.167870809,10.807720789,19.244576535,-25.701642305,0.010770890,10.807720789,0.000000000,0.000000000,0.000000000,0.000000000,0.010789854,0.010804259,,0.367010435,,,,,0.760806302,0.355240297,0.014061356,0.018734045,3.147999950,0.664383936,0.390341421,2.520081008,0.127991323,0.047007059,0.022479395,0.019188580,0.021796403,0.004086586,0.156937282,0.939623623,0.985868643,0.268207029,1.305670421,0.000000000,0.544378483,0.521848948
26,1,0.0,A,NE,1,6,73.831684227,0.298994975,0.269364842,2.730000000,22.649574892,3.149476778,38.081700182,5.015088977,106.308849035,15.623503500,6.496757808,10.713605311,19.079302938,-25.253817176,0.010774566,10.713605311,0.000000000,0.000000000,0.000000000,0.000000000,0.010795980,0.010807135,,0.361259577,,,,,1.048809818,0.341830385,0.037160331,0.032428796,1.758836575,1.309554856,0.477502600,3.228031521,0.286704554,0.079864327,0.017372937,0.011563039,0.023294241,0.001387281,0.316441562,0.736095897,1.130407330,0.257401669,0.944106122,0.009128162,0.171901115,0.692651868
27,0.75,0.3,A,NE,1,7,69.834367248,0.325556715,0.293294338,2.692500000,21.443222303,2.860877695,38.005051021,4.504674670,83.010088589,12.580998962,5.568526908,9.598310110,17.092076143,-25.343478649,0.010773450,9.598310110,0.000000000,0.000000000,0.000000000,0.000000000,0.010789917,0.010807558,,0.380937728,,,,,0.814786144,0.403985962,0.026972500,0.023206689,1.642105588,0.973946879,0.496464676,3.034263115,0.130735681,0.017001135,0.007449632,0.006342224,0.024715318,0.001548631,0.190898967,0.697414220,0.425035143,0.082231990,0.377748985,0.000000000,0.071979084,0.670754057
28,0.5,0.5,A,NE,1,8,65.837050269,0.352118455,0.317223833,2.655000000,17.019793365,2.564067424,36.380038671,4.295372640,88.455458086,12.293483199,5.604036354,9.443585261,16.815793850,-25.771897457,0.010769082,9.443585261,0.000000000,0.000000000,0.000000000,0.000000000,0.010791919,0.010809276,,0.341828969,,,,,0.861326848,0.506265781,0.019746709,0.019854063,1.196474795,0.994981014,0.585018236,2.715373391,0.171947168,0.051162842,0.008703325,0.007978895,0.023911086,0.001198118,0.179615130,1.042573515,0.609682764,0.089021164,0.487746211,0.000000000,0.075555778,0.486812452
29,0.25,0.8,A,NE,1,9,61.839733290,0.378680195,0.341153329,2.617500000,19.281950432,2.873801216,35.160645933,4.502916246,78.253354115,10.269568557,2.960640120,7.641468213,13.605659601,-25.713247754,0.010768920,7.641468213,0.000000000,0.000000000,0.000000000,0.000000000,0.010794023,0.010802918,,0.359778650,,,,,0.725590085,0.514691929,0.012966709,0.023072242,1.633519202,0.954481537,0.652780008,2.895654701,0.112395312,0.018944592,0.006278675,0.009555047,0.023015840,0.001715037,0.128001153,1.135329856,0.513805363,0.063236226,0.698469579,0.006780544,0.104393907,0.670754057
30,0,1.0,A,NE,1,10,57.842416311,0.405241935,0.365082825,2.580000000,20.786860899,3.135111338,35.622591094,4.314128654,67.775200296,8.966119296,2.074714211,8.101503860,14.424295453,-25.605773455,0.010770908,8.101503860,0.000000000,0.000000000,0.000000000,0.000000000,0.010790577,0.010802479,,0.393973532,,,,,0.959566365,0.666691382,0.012912795,0.016915352,1.508853591,1.028777142,0.653005636,2.632345877,0.136093032,0.015282411,0.005880754,0.007731632,0.020397979,0.001124603,0.102306931,1.086144213,0.301324985,0.039418699,0.441836548,0.000000000,0.063451696,0.631337999
31,1,0.0,A,NE,1,6,73.831684227,0.521870287,0.470153411,2.850000000,10.695571727,1.124589264,22.648666379,2.414196726,60.148217735,8.772631258,3.897838648,6.783151852,11.642979492,-26.137784552,0.010765530,6.783151852,0.000000000,0.000000000,0.000000000,0.000000000,0.010788120,0.010804321,,0.471199008,,,,,0.165177606,0.086080609,0.010988520,0.018293802,0.873331049,0.358593296,0.168821230,1.886782200,0.126355036,0.083519349,0.021464941,0.011928095,0.023077577,0.000997527,0.071904067,0.802586787,0.646481138,0.193686779,0.562000735,0.011252730,0.074693040,0.626958437
32,0.75,0.3,A,NE,1,7,69.834367248,0.492713199,0.443885765,2.767500000,12.527133320,1.255780909,24.133302322,2.140905850,48.575210473,7.668954877,3.039210228,6.547054405,11.238277573,-26.763838580,0.010758042,6.547054405,0.000000000,0.000000000,0.000000000,0.000000000,0.010798358,0.010803893,,0.448330704,,,,,0.189424408,0.141827103,0.013311858,0.016656405,0.924529398,0.334789148,0.192318838,1.613797863,0.115582438,0.021081256,0.009279972,0.007802315,0.026411732,0.001586828,0.063610773,0.686898616,0.369915297,0.079079088,0.350179181,0.000000000,0.043887951,0.749586174
33,0.5,0.5,A,NE,1,8,65.837050269,0.463556111,0.417618118,2.685000000,12.310207914,1.273580024,25.949092932,2.449900340,71.133431395,8.141067396,3.113538310,7.468619160,12.821196463,-26.920255432,0.010756677,7.468619160,0.000000000,0.000000000,0.000000000,0.000000000,0.010780663,0.010808964,,0.417974244,,,,,0.192793165,0.145962201,0.010205949,0.011664904,0.934824658,0.366101914,0.223216200,1.860582227,0.087936473,0.077585908,0.016500313,0.013309188,0.023005213,0.001470120,0.091631042,0.865962406,0.777283820,0.162124800,0.729561601,0.017793328,0.103289187,0.771483984
34,0.25,0.8,A,NE,1,9,61.839733290,0.434399023,0.391350471,2.602500000,15.115148693,1.730040348,28.215663048,2.925857441,52.059366819,7.048197691,2.381475585,7.791894280,13.376971182,-26.601170339,0.010760062,7.791894280,0.000000000,0.000000000,0.000000000,0.000000000,0.010782771,0.010810737,,0.367300059,,,,,0.276864820,0.251695291,0.014768826,0.013648071,1.201480237,0.430800200,0.337052824,2.158004416,0.122818449,0.031745429,0.012941434,0.010794382,0.021779736,0.001607602,0.104189202,0.840414504,0.677325749,0.133404603,0.638099964,0.000000000,0.104350746,0.740827050
35,0,1.0,A,NE,1,10,57.842416311,0.405241935,0.365082825,2.520000000,14.909531808,1.917079868,30.826961436,3.169218175,42.321684815,6.411967912,2.341299558,8.262030538,14.184978853,-25.721526853,0.010769733,8.262030538,0.000000000,0.000000000,0.000000000,0.000000000,0.010788820,0.010807782,,0.326527723,,,,,0.373034357,0.301086431,0.014327896,0.012557750,1.242959080,0.567371962,0.469225606,2.132620606,0.127217399,0.015332382,0.006104819,0.006995734,0.019549074,0.001108082,0.090550548,0.647393463,0.295431799,0.038653141,0.368468461,0.000000000,0.052387129,0.745206612
36,1,0.0,A,NE,1,6,73.831684227,0.345600000,0.311351351,2.730000000,23.769767960,3.031958200,44.765631990,4.444247103,121.677738603,17.436825878,9.565844176,19.668445039,32.611465619,-24.420474581,0.010786853,19.668445039,0.000000000,0.000000000,0.000000000,0.000000000,0.010791692,0.010798371,,0.457553049,,,,,0.240254977,0.118293481,0.016281998,0.025636294,2.673409742,0.573585832,0.196238798,3.674422474,0.326096816,0.059614120,0.009332064,0.013956518,0.022842788,0.001933754,0.072256320,0.372743550,0.748009808,0.101063825,0.924012116,0.000000000,0.213127795,0.508710262
37,0.75,0.3,A,NE,1,7,69.834367248,0.350407349,0.315682296,2.690000000,22.433467251,1.960223938,42.029197995,3.859614119,97.600034728,13.714671339,6.149137031,18.092545769,29.998047756,-24.946559159,0.010780865,18.092545769,0.000000000,0.000000000,0.000000000,0.000000000,0.010795069,0.010797194,,0.375657545,,,,,0.270874708,0.144933796,0.017899736,0.021048870,1.544415434,0.506929127,0.254142881,3.098542111,0.311358427,0.017379575,0.006670987,0.011438748,0.022515732,0.003152761,0.108768903,0.679652935,0.426797200,0.063684076,0.775104223,0.000000000,0.137563641,0.661994933
38,0.5,0.5,A,NE,1,8,65.837050269,0.355214698,0.320013242,2.650000000,26.154985568,2.593018147,42.238747141,4.029533026,101.603358321,13.761921610,5.133408143,15.837189438,26.258031361,-25.698953343,0.010772198,15.837189438,0.000000000,0.000000000,0.000000000,0.000000000,0.010790222,0.010802060,,0.369168009,,,,,0.300665646,0.182897500,0.031480777,0.043313160,2.109455002,0.566982249,0.274346249,3.188204528,0.246390734,0.065266703,0.013048755,0.013372833,0.020923411,0.001834365,0.113927580,1.059556631,0.834342586,0.167686500,0.987305393,0.007586823,0.186500107,0.740827050
39,0.25,0.8,A,NE,1,9,61.839733290,0.360022047,0.324344187,2.610000000,22.460746294,2.188680497,39.639598552,3.713406594,75.811078956,10.513060652,6.462573242,12.137269832,20.122793456,-25.786826347,0.010770275,12.137269832,0.000000000,0.000000000,0.000000000,0.000000000,0.010776748,0.010810521,,0.376869108,,,,,0.404483913,0.253077530,0.011846761,0.015481112,1.531119055,0.638635645,0.384237710,2.690533239,0.198143718,0.040675184,0.018159265,0.013854846,0.022676250,0.001814386,0.149875081,1.393481396,1.059656469,0.248264168,1.007907313,0.000000000,0.142180933,0.429878145
40,0,1.0,A,NE,1,10,57.842416311,0.364829396,0.328675132,2.570000000,26.529692840,2.861291629,38.543700790,3.797381682,60.490833548,8.356609000,3.244707438,10.171198690,16.862620675,-25.420910983,0.010773572,10.171198690,0.000000000,0.000000000,0.000000000,0.000000000,0.010778755,0.010808283,,0.339361982,,,,,0.579403140,0.358326529,0.012378342,0.014168838,1.923561960,0.725774098,0.460395298,2.611212286,0.121591814,0.027264617,0.012590993,0.011927860,0.021519138,0.001137289,0.143889679,1.453740398,0.697227203,0.147772116,0.855893809,0.000000000,0.077666518,0.609440189
41,1,0.0,O,JO,1,11,73.831684227,0.405213270,0.332142025,3.370000000,50.845247537,2.148040965,63.679259245,3.185248940,240.556673355,25.990962579,4.319784157,43.570885798,77.859846868,2290.777575014,0.035745719,57.016673862,20.843173006,7.250473898,287.473250713,206.822630226,0.011618076,0.020187577,43.343060592,0.675270353,15.077249965,1.033383041,0.359471025,22.687194888,0.087034825,0.137321612,0.010402045,,1.923684528,0.244986914,0.192980920,2.747281106,0.261783043,0.045851801,0.014513182,0.028702632,0.024265387,0.001606462,0.075791714,0.096481964,1.059111190,0.145329699,1.862879562,0.037648563,0.242165395,1.025498583
42,0.75,0.3,O,JO,1,12,69.834367248,0.390866474,0.320382356,3.322500000,45.122760190,2.376153507,69.518193608,3.652387772,167.094696776,21.568625316,3.853864710,46.486572991,83.074814427,2366.741656936,0.036537693,60.124470953,22.950343475,7.700811832,298.024987165,212.935128017,0.011755720,0.021166010,33.234414120,0.591520112,11.151552907,1.313324534,0.440675980,19.293040720,0.117632465,0.155952131,0.008838729,,2.102568911,0.302992712,0.282050569,3.067344492,0.402873567,0.029071631,0.010439917,0.022635193,0.035517730,0.001577651,0.080229418,0.080831514,0.723500838,0.099567597,1.550294350,0.013188566,0.274984574,0.994841649
43,0.5,0.5,O,JO,1,13,65.837050269,0.376519679,0.308622687,3.275000000,45.466165215,2.159094243,65.043345748,3.576931456,161.701497134,20.754873052,5.436067244,46.977972700,83.957654165,2423.380344568,0.037140771,60.220513834,23.737140331,7.672466081,309.380844180,219.513443467,0.011530961,0.021985082,34.681002679,0.593668352,11.209809312,0.948065774,0.306439714,19.188715107,0.123964920,0.120727031,0.006790092,,1.914402292,0.444516002,0.273832958,2.858582496,0.412974863,0.033883849,0.005629336,0.027610462,0.037265051,0.001636026,0.101881371,0.032502023,0.773172815,0.112631515,1.787861211,0.002847653,0.256625817,0.806520481
44,0.25,0.8,O,JO,1,14,61.839733290,0.362172883,0.296863019,3.227500000,32.822535054,2.045298368,66.867433392,4.426478656,148.259808541,19.282283890,3.968195415,48.878774221,87.359533101,2531.137476943,0.038270771,61.602682482,25.756850619,8.008065003,321.636382919,226.612934040,0.011984366,0.022053548,31.995992180,0.554015883,9.947877131,1.554661947,0.483360102,18.439302236,0.112285233,0.129837315,0.009702140,,1.803175820,0.967047556,0.245729140,3.213701960,0.609436094,0.032958542,0.006102696,0.025536399,0.023932578,0.001713757,0.101612286,0.044673674,0.829784992,0.147869851,1.893221616,0.032503872,0.291600081,0.990462087
45,0,1.0,O,JO,1,15,57.842416311,0.347826087,0.285103350,3.180000000,46.325576395,3.288562901,67.588230640,4.795323314,154.228779279,17.187501071,3.844769039,50.349351935,89.992749228,2643.253346189,0.039447371,62.326618358,27.666130870,8.260940203,334.902931000,234.298090528,0.012104260,0.020906704,29.891773845,0.519333947,8.925503804,1.724986269,0.515070520,17.701514527,0.853216274,0.165235546,0.010883783,,2.270111081,1.036978230,0.285907566,3.472437518,0.628890779,0.014782084,0.003796738,0.023191218,0.023433371,0.001724083,0.099206633,0.050575936,0.385144677,0.033530715,1.780337648,0.014451321,0.308574918,1.104330700
46,1,0.0,O,JO,1,11,73.831684227,0.405213270,0.332142025,3.120000000,42.973651256,1.753912894,67.669492561,3.206739020,134.298482623,14.304656974,4.969713698,42.247058792,75.494090778,2432.519457880,0.037242068,54.070514962,21.423575816,7.452371921,287.473250713,206.822630226,0.011663334,0.023175936,31.875761237,0.598051739,11.088252962,1.149419680,0.399835351,18.940460234,0.027077501,0.095415956,0.008311915,,1.631419437,0.150860363,0.202006754,2.853871904,0.505680287,0.021342200,0.004157416,0.018146532,0.021045272,0.001641939,0.085664952,0.047769111,0.494659955,0.028816744,1.195941182,0.014337409,0.240920358,0.810900043
47,0.75,0.3,O,JO,1,12,69.834367248,0.400476476,0.328259407,3.035000000,33.411919438,1.470455759,61.534839841,3.100286091,120.601994053,12.826505628,3.937290433,40.266142669,71.955555593,2572.038712553,0.038721798,50.393164609,21.562390984,7.412979997,290.873454296,207.825447176,0.011903287,0.023302537,28.926997317,0.572932220,9.944873583,1.327335995,0.456327649,17.814181229,0.038487345,0.116766690,0.007279027,,1.315201724,0.140033051,0.143512133,2.816740906,0.467240655,0.026797221,0.005871239,0.016877259,0.030586506,0.001909540,0.089249156,0.131266037,0.599901208,0.043742641,1.040623990,0.000000000,0.263426245,0.964184714
48,0.500,0.5,O,JO,1,13,65.837050269,0.395739682,0.324376789,2.950000000,34.581909315,1.986458936,59.557033665,3.400569047,111.947674758,13.033723144,3.384234133,34.990590922,62.529210932,2565.153868718,0.038703331,43.802634675,18.726576257,6.361900681,294.355055142,208.852270500,0.011866298,0.022253366,24.598337939,0.567764262,8.356689484,1.242121044,0.421980537,15.140570702,0.046869649,0.101220837,0.005952648,,1.838368450,0.228407020,0.216964665,2.955197362,0.372938923,0.033181514,0.005084225,0.016841673,0.031389605,0.002005558,0.112320679,0.081471534,0.815221619,0.091071796,1.155423801,0.000251866,0.240181316,1.117469386
49,0.250,0.8,O,JO,1,14,61.839733290,0.391002888,0.320494171,2.865000000,30.714173515,2.439910708,58.086894111,3.971817404,114.388362702,12.946637696,3.164418602,35.974489778,64.288670758,2834.078348362,0.041508381,43.099725194,21.188945563,7.112269610,297.921011508,209.903972670,0.012153343,0.022439959,25.540293306,0.546559155,8.572840558,1.533180912,0.514626647,16.199736815,0.093093211,0.153893323,0.008644223,,2.192924174,0.341193301,0.273489147,3.357134957,0.382512107,0.043395896,0.006737349,0.021543871,0.022342953,0.002041794,0.097580908,0.133844595,1.058286161,0.127429516,1.441661692,0.000000000,0.223307766,1.038637269
50,0.000,1.0,O,JO,1,15,57.842416311,0.386266094,0.316611553,2.780000000,28.250589305,3.026673511,57.435288770,4.952050874,113.118199459,11.813168372,3.097029922,30.015208194,53.639929938,2873.544551649,0.042008622,35.671697970,17.968231968,5.958141796,301.574426756,210.981468958,0.012321353,0.022682803,25.784645894,0.589324569,8.550010746,1.697441607,0.562859930,15.071012472,0.312913697,0.331399952,0.007240864,,2.382359862,0.676777318,0.432398033,3.842875523,0.310444589,0.028945066,0.009685285,0.017478344,0.019608479,0.001039621,0.088242293,0.149296010,0.650109962,0.100873203,1.124954319,0.000000000,0.112090243,1.069294203
51,1.000,0.0,O,JO,1,11,73.831684227,0.416452442,0.341354461,3.250000000,40.496703025,2.023157529,72.266246145,3.852886100,279.587494155,27.145502595,3.749256046,37.518701237,72.404559247,2292.592647326,0.035797215,54.426994905,17.977564341,6.427101604,279.714954716,201.240924170,0.011342956,0.021836410,59.252585361,0.767220905,21.183202529,0.790430184,0.282584170,27.892888303,0.029692354,0.090749870,0.006555208,,1.902715305,0.138424917,0.204500859,3.509960324,0.430331151,0.060545111,0.020577739,0.024090394,0.019961726,0.001322674,0.070920723,0.156039716,1.301026937,0.227021104,1.576450109,0.016822343,0.169845800,1.016739459
52,0.750,0.3,O,JO,1,12,69.834367248,0.397798515,0.326064357,3.135000000,37.084213227,1.273488213,64.346535775,3.170192113,177.863287934,19.658673905,5.194906497,35.900952890,69.287625105,2385.706685032,0.036807953,51.384675254,17.902949851,6.113735610,292.831600727,209.224518324,0.011414067,0.022876206,41.227762885,0.697230948,14.079000621,0.792175620,0.270522586,20.463258817,0.078149599,0.149950911,0.010100797,,1.045387702,0.211025808,0.224160194,2.735006111,0.415728557,0.063042622,0.022436118,0.025868342,0.031471852,0.001404329,0.100203066,0.227841802,1.341055083,0.233249684,1.580100938,0.000000000,0.182877284,0.859075225
53,0.500,0.5,O,JO,1,13,65.837050269,0.379144588,0.310774253,3.020000000,25.217830581,0.688685417,68.203152368,3.868202555,187.347402266,19.854167817,4.956760644,38.543819090,74.393732179,2551.579552641,0.038544207,53.886509460,20.507222719,6.674682473,307.238925613,217.993698695,0.011527132,0.022868238,43.386485463,0.679041594,14.121415565,0.987458021,0.321397433,21.117495471,0.034681173,0.117594442,0.003626095,,0.536409802,0.210843159,0.255859781,3.401499614,0.410115738,0.036550700,0.008508838,0.018764533,0.036668225,0.001152984,0.118943882,0.120961215,0.873593037,0.199735702,1.334948466,0.000000000,0.171346931,0.815279605
54,0.25,0.8,O,JO,1,14,61.839733290,0.360490662,0.295484149,2.905000000,36.357159054,1.258414515,72.267459777,4.431674780,178.169308563,18.923926113,6.508133706,39.651433794,76.537026814,2673.092605972,0.039827317,54.463000243,22.074026571,6.831160361,323.137291534,227.670417967,0.011983165,0.022742088,40.813537209,0.648992182,12.630401467,1.673138691,0.517779512,19.979341340,0.061115054,0.111118279,0.008840425,,1.086181182,0.197114165,0.226101543,4.008459072,0.425854457,0.040815139,0.006978900,0.024368609,0.020424142,0.001023405,0.127138849,0.143677233,1.049277762,0.150550153,1.863964076,0.000000000,0.159479397,0.648856247
55,0,1.0,O,JO,1,15,57.842416311,0.341836735,0.280194045,2.790000000,32.070970410,1.805493944,78.894552127,5.309349488,168.033574045,18.230457648,5.640832832,38.477982534,74.277140259,2736.038083052,0.040522640,52.343190128,21.933950131,6.436569807,340.770795463,238.403248506,0.012442865,0.022558872,37.897642426,0.633405210,11.121153259,2.517969068,0.738904009,18.296627074,0.097821471,0.146477463,0.006176816,,1.561195010,0.278689294,0.323014648,4.707645545,0.425963941,0.019588067,0.005467373,0.021088582,0.019126481,0.000784038,0.132499059,0.091421210,0.497238921,0.055594394,1.615428494,0.000000000,0.090895758,0.732067926
56,1,0.0,O,JO,1,11,73.831684227,0.301181102,0.246869756,3.050000000,43.887735427,1.443773383,89.948230619,5.318252813,173.590378408,17.166258797,7.310671349,49.151679541,91.246386739,2629.315910392,0.039366248,64.320734401,26.925652338,6.961660706,386.770534693,278.262061185,0.012077887,0.022653058,39.469759303,0.594465164,10.204955073,2.255092365,0.583056920,17.749672699,0.125482657,0.213667474,0.011431477,,1.104623252,0.224365304,0.350426222,4.743461287,0.509715097,0.008983805,0.002445537,0.013965879,0.020416378,0.001522109,0.085366715,0.079994660,0.245538210,0.010186051,1.255347212,0.016022308,0.297207049,0.635717561
57,0.75,0.3,O,JO,1,12,69.834367248,0.323881372,0.265476535,3.047500000,40.905813883,1.132597604,100.179341874,4.803544725,136.446253844,18.696934682,5.922291665,49.332525470,91.574539052,2712.113865527,0.040199905,63.760692453,27.813846599,7.733319024,359.662474956,256.974342575,0.011966243,0.025121666,37.486131639,0.574060400,10.422586244,2.289958643,0.636696570,18.792601839,0.043287410,0.135508414,0.008745035,,0.953801780,0.244667969,0.280696000,4.278180757,0.388549801,0.009092160,0.002599479,0.013143168,0.029005571,0.001363712,0.102907914,0.090373682,0.235539527,0.014284365,1.099164924,0.007387442,0.275988587,0.797761357
58,0.5,0.5,O,JO,1,13,65.837050269,0.346581642,0.284083314,3.045000000,48.836689564,1.897358366,76.908339290,4.617566997,225.342333530,23.283374834,3.622191983,45.019627423,83.561494346,2751.191248516,0.040612350,57.820053070,25.741441276,7.658739815,336.105441596,238.475213449,0.012088439,0.021816518,47.632697997,0.649175561,14.171950853,1.938260570,0.576682294,22.407372961,0.353768202,0.137939448,0.009843079,,1.405650716,2.663814262,0.352260667,1.601492069,0.437241701,0.016326449,0.003397132,0.014686513,0.031465647,0.002086911,0.070449412,0.062385927,0.425379047,0.051048076,1.139864295,0.000000000,0.343275969,0.968564276
59,0.25,0.8,O,JO,1,14,61.839733290,0.369281913,0.302690092,3.042500000,41.680924880,1.887783217,65.992311217,4.969464635,214.108479386,22.801016158,4.680012963,35.507213609,65.899508004,2623.782053519,0.039343867,46.456661319,19.442846685,6.163633240,315.444575100,222.250418444,0.011985615,0.021191521,42.698817944,0.687120601,13.536076165,1.531237430,0.485422020,20.185131426,0.761197205,0.159879710,0.009835388,,0.966706302,1.141795808,0.258920239,3.568748588,0.469242140,0.017472476,0.003773788,0.016381025,0.020731115,0.001787440,0.055364533,0.057913681,0.439535794,0.059341970,1.201146679,0.000000000,0.293973160,0.832797853
60,0.00,1.0,O,JO,1,15,57.842416311,0.391982183,0.321296871,3.040000000,32.995700997,3.144709862,68.407246451,6.606423274,150.038286859,17.414257122,4.415966211,34.576346291,64.166196050,2703.591823046,0.040161459,44.690944880,19.475251170,6.553424416,297.176711500,207.904827365,0.012202990,0.022839266,34.649044156,0.640175432,11.659407623,1.872197474,0.629994680,18.842826720,1.805672831,0.135514324,0.006572492,,1.203522707,2.479689978,0.244370093,3.882363203,0.431982438,0.028537861,0.009093705,0.022442286,0.018863575,0.002384950,0.063240368,0.049481577,0.624638059,0.094156663,1.495991705,0.000000000,0.336039007,0.863454787
61,1,0.0,A,JO,1,16,73.831684227,0.334685598,0.301518557,2.620000000,33.917407358,0.742731004,47.419301708,3.167869054,117.022527596,13.158234300,6.355180815,36.642093884,65.258541969,2525.441125078,0.038034181,46.114715886,19.143826083,17.215233810,111.202823577,80.004871423,0.011469896,0.017561068,15.154431555,0.441842607,13.627739897,0.638411669,0.574096635,31.417070343,0.046635222,0.118363507,0.008342231,,0.577732276,0.131620219,0.356037428,2.680211407,0.218517009,0.084509406,0.014622197,0.011694791,0.013452686,0.002023804,0.116437353,0.473266701,1.124900827,0.201647698,0.799409512,0.000000000,0.189175760,0.618199313
62,0.75,0.3,A,JO,1,17,69.834367248,0.344686655,0.310528518,2.625000000,37.732934919,1.263646537,42.832303952,2.939877404,120.171936125,12.848164957,6.391390386,33.601985299,59.842760456,2408.928434901,0.036827709,43.067876858,16.774883598,15.535711422,107.976282144,77.147703888,0.012982461,0.018233097,17.113577625,0.504997188,15.849385888,1.801629836,1.668542202,33.053639512,0.111711181,0.123204101,0.011749943,,1.028731256,0.131938720,0.209171141,2.598767543,0.206959294,0.083678823,0.019747084,0.012483000,0.023323987,0.002163887,0.119270962,0.676955918,1.002616969,0.265895489,0.885828619,0.023893626,0.247532541,0.460535079
63,0.5,0.5,A,JO,1,18,65.837050269,0.354687712,0.319538480,2.630000000,32.369488851,0.840679816,44.681343366,3.192941480,92.629483663,11.193874573,4.703454337,33.300742202,59.305086725,2521.409510931,0.037996212,41.934499112,17.370587613,16.554185356,104.931696970,74.451662293,0.011457731,0.017205758,11.370235832,0.395612737,10.835844802,0.576310739,0.549224643,27.939254801,0.054504019,0.129558733,0.008407347,,0.656617064,0.368125505,0.220696601,2.604119374,0.180842323,0.058321615,0.011124106,0.012401034,0.023100023,0.002292882,0.112964935,0.800639905,0.693794686,0.130878105,0.890111843,0.019209047,0.299049433,0.666374495
64,0.25,0.8,A,JO,1,19,61.839733290,0.364688769,0.328548441,2.635000000,30.316026070,1.365098765,43.251303905,3.165341091,91.352406675,11.756773254,4.907798368,35.061773569,62.440240949,2594.497983526,0.038746123,43.647770830,18.792470118,18.414223841,102.054098401,71.903490705,0.010763162,0.017806404,12.262369452,0.394861787,12.015558066,-0.017144754,-0.016799673,30.412982234,0.135782084,0.167283528,0.009827870,,1.062033152,0.209430287,0.231155421,2.724755383,0.141363896,0.076975462,0.015399949,0.013493481,0.022388382,0.003009676,0.103848938,0.863670852,0.823460673,0.184822481,0.886441583,0.011396756,0.414967673,0.543746758
65,0,1.0,A,JO,1,20,57.842416311,0.374689826,0.337558402,2.640000000,24.820203136,1.162883340,40.589310305,2.793277712,88.892640727,10.647904987,3.772380870,34.932097959,62.208065678,2576.738808993,0.038559044,43.609686731,18.598378947,18.723806914,99.330115038,69.491348481,0.011456339,0.017131621,10.783430777,0.367010435,10.856154523,0.518502408,0.521999202,30.101960639,0.167681878,0.110801140,0.009278582,,0.884400322,0.215258704,0.109532425,2.468486584,0.142390347,0.033608125,0.014281107,0.013442457,0.022030509,0.003009340,0.110506148,0.990983633,0.766184153,0.173840102,0.947633417,0.019973092,0.434892915,0.521848948
66,1,0.0,A,JO,1,16,73.831684227,0.298994975,0.269364842,2.730000000,18.096352857,0.542821352,40.809446418,3.577811450,93.818010539,12.089666277,6.705166602,41.395052978,71.095993888,2780.677157178,0.040679778,47.375886419,23.720107468,19.055822643,124.476953387,89.554944114,0.011471522,0.018265317,13.415646909,0.361259577,10.777615088,0.528461262,0.424545466,30.257983197,0.067306138,0.139911972,0.009817520,,0.335603243,0.295193061,0.237426376,3.045192012,0.238586307,0.065859503,0.013912015,0.010992410,0.017263095,0.001614756,0.361020878,0.657052638,0.955054626,0.200169058,0.879617372,0.000000000,0.159945316,0.692651868
67,0.75,0.3,A,JO,1,17,69.834367248,0.325556715,0.293294338,2.692500000,21.017384147,0.658667473,38.460478088,3.035723305,83.948820586,11.187977489,5.749709476,35.257623786,60.551404175,2858.404720347,0.041492165,39.799013942,20.752390233,18.152729806,114.321044022,81.680956941,0.011579110,0.018741285,12.769908228,0.380937728,11.170216593,0.581764053,0.508886231,29.831832630,0.078120177,0.194935395,0.011669735,,0.385611901,0.245311957,0.270135191,2.520276157,0.185976110,0.071214368,0.014187150,0.010657781,0.022333193,0.001622850,0.266863926,0.989353125,0.955681010,0.205838987,0.827031644,0.030170199,0.175514493,0.670754057
68,0.5,0.5,A,JO,1,18,65.837050269,0.352118455,0.317223833,2.655000000,20.017280222,0.817787991,38.962832960,3.664452974,74.792267453,8.649269605,6.044674937,35.639903066,61.204800317,2829.602235791,0.041182414,40.437683266,20.767117051,19.647719938,105.697338503,74.994904101,0.011424397,0.018330341,10.785649761,0.341828969,10.204277529,0.472347133,0.446886497,30.298883963,0.065252034,0.204981389,0.007959756,,0.547554568,0.291609090,0.297459272,3.075384612,0.141303119,0.046316520,0.010865452,0.008438559,0.022543712,0.001382812,0.213668279,0.809674339,0.566250716,0.124447683,0.533228006,0.000000000,0.091744547,0.486812452
69,0.25,0.8,A,JO,1,19,61.839733290,0.378680195,0.341153329,2.617500000,18.486295097,0.710421319,38.316337497,3.212420384,60.699825252,8.296164380,2.939399409,27.690957085,47.550873299,2816.642681380,0.041072319,31.473923823,16.076949476,16.357743723,98.283417007,69.246809995,0.011495327,0.018566535,9.034599000,0.359778650,9.192394073,0.515078573,0.524074751,26.074212546,0.067997917,0.202110733,0.006038511,,0.440312669,0.224288515,0.345638645,2.642493224,0.136140801,0.030635924,0.006851130,0.007862556,0.022910322,0.001338032,0.152597735,0.980046296,0.362294749,0.070413966,0.496237301,0.012663666,0.101552902,0.670754057
70,0.00,1.0,A,JO,1,20,57.842416311,0.405241935,0.365082825,2.580000000,19.498273031,1.051945156,36.242103009,3.129333998,48.176591000,5.927883495,2.840899634,22.460774132,38.567082883,2652.413805582,0.039391909,26.250211000,12.316871883,13.411024792,91.841392243,64.252238013,0.012848543,0.019471821,8.007111529,0.393973532,8.718412617,1.429572358,1.556566514,23.686003923,0.146046470,0.406662192,0.006482931,,0.499236494,0.218189907,0.378117635,2.533026457,0.105028318,0.014813629,0.005748399,0.008483929,0.020580684,0.001044178,0.102439017,1.057809979,0.276104747,0.035966580,0.469284052,0.000000000,0.051080048,0.631337999
71,1.00,0.0,A,JO,1,16,73.831684227,0.521870287,0.470153411,2.850000000,8.905095510,0.151438109,23.845772347,1.959958309,67.069666051,7.745129383,3.276739663,20.408823655,35.035119584,2577.751346204,0.038590889,24.155721187,10.879398397,15.255084283,71.316540734,51.308685231,0.011431193,0.018343462,9.694311884,0.471199008,13.593356862,0.293904117,0.412112133,29.260553279,0.023987189,0.078641544,0.007554607,,0.048809375,0.160926712,0.153032194,1.645999402,0.122908990,0.062345313,0.013080268,0.010153467,0.025408136,0.001144644,0.075647996,0.755915834,0.513685356,0.104499873,0.448020404,0.000000000,0.065201666,0.626958437
72,0.75,0.3,A,JO,1,17,69.834367248,0.492713199,0.443885765,2.767500000,12.052556747,0.498244081,25.417042248,2.102956648,52.250622258,5.815876038,2.912608019,20.991339552,36.037371279,2626.883772004,0.039105692,24.639045589,11.398325689,15.089763001,75.536810543,53.970106923,0.011756322,0.020050956,9.263193386,0.448330704,12.263151329,0.466759928,0.617923797,27.970838127,0.026853885,0.100983470,0.006743220,,0.370406726,0.151796809,0.180097909,1.771061930,0.115582438,0.087788077,0.015131444,0.012723141,0.021421971,0.001689150,0.067630586,0.855296037,0.812426783,0.146947469,0.667888289,0.013585307,0.086723096,0.749586174
73,0.50,0.5,A,JO,1,18,65.837050269,0.463556111,0.417618118,2.685000000,12.437809959,0.387039115,27.485186352,2.233862609,44.974697527,5.485717567,2.867132723,21.494575135,36.903591067,2499.449962357,0.037786817,25.774757603,11.128833464,13.861145255,80.287979523,56.966328671,0.011806103,0.020076858,7.992027324,0.417974244,9.954201577,0.540108590,0.672714138,24.488060970,0.021877239,0.034866849,0.006981797,,0.330295027,0.162370130,0.166472112,1.905020367,0.091816024,0.050210126,0.008474929,0.008887785,0.024984391,0.001314855,0.075810690,0.717054745,0.472709739,0.073846691,0.424360198,0.000000000,0.064934397,0.771483984
74,0.25,0.8,A,JO,1,19,61.839733290,0.434399023,0.391350471,2.602500000,16.095974889,0.486884477,31.006548445,2.672703047,45.510182492,5.149174962,2.672066057,24.290320068,41.706337860,2552.612804425,0.038332903,28.876670312,12.829667547,14.974468038,85.676950356,60.364766335,0.011716325,0.019345817,7.447981791,0.367300059,8.693098622,0.554731029,0.647468224,24.315034885,0.030641166,0.093382601,0.007681439,,0.362860711,0.180199237,0.194790268,2.297713542,0.114538554,0.027968024,0.005996304,0.006373961,0.021892473,0.000929109,0.081515269,0.659269441,0.277509060,0.047522088,0.306978477,0.000000000,0.050927730,0.740827050
75,0.00,1.0,A,JO,1,20,57.842416311,0.405241935,0.365082825,2.520000000,17.133201138,0.592690594,33.255962044,2.730492233,42.460779839,4.732922284,2.079273011,24.490023769,42.051712193,2564.400237126,0.038464503,29.056957697,12.994754495,14.149126203,91.841392243,64.252238013,0.013088989,0.018546743,6.300404241,0.326527723,6.860092260,1.466119009,1.596359738,22.605578202,0.058848711,0.154257918,0.008667492,,0.379583965,0.160709770,0.222100120,2.347682342,0.082839237,0.015255703,0.006359921,0.009236971,0.020142879,0.001207308,0.089559840,0.709741898,0.330768832,0.056444114,0.577709246,0.000000000,0.082188375,0.745206612
76,1,0.0,A,JO,1,16,73.831684227,0.345600000,0.311351351,2.730000000,17.712532670,0.580577985,42.676055953,3.605188692,139.419708037,16.735318027,11.448007421,41.770713408,69.261329154,2086.641528363,0.033437228,51.128278509,18.133050645,16.838048989,107.690924625,77.478235721,0.011485440,0.016521209,15.295196324,0.457553049,14.202864705,0.567479698,0.526952202,31.567865896,0.079091571,0.115083968,0.010515889,,0.386402446,0.251717523,0.275101118,3.078370051,0.315689471,0.035301935,0.008400639,0.009838481,0.027374381,0.001321393,0.061646338,0.305133937,0.419450416,0.092253248,0.602768923,0.000000000,0.127163449,0.508710262
77,0.75,0.3,A,JO,1,17,69.834367248,0.350407349,0.315682296,2.690000000,20.790250657,0.702849773,42.157706011,3.434535279,78.142858810,9.635723321,7.304296904,40.210875685,66.674178088,2196.226997649,0.034586955,48.329700493,18.344477596,17.271327330,106.213478821,75.888202949,0.011558100,0.018165635,11.037598615,0.375657545,10.391900103,0.616610816,0.580539139,28.243766572,0.074841009,0.085694085,0.010095451,,0.542314680,0.263639323,0.239672112,2.931223844,0.203580510,0.050500148,0.009595080,0.011229174,0.020409407,0.001346904,0.117349223,0.719346455,0.665871750,0.116075313,0.811765581,0.001019966,0.137040887,0.661994933
78,0.5,0.5,A,JO,1,18,65.837050269,0.355214698,0.320013242,2.650000000,20.602550881,0.676163134,41.526203687,3.376455125,70.926559756,8.562279526,5.509278976,37.808015312,62.689209289,2311.400651635,0.035794791,44.562548637,18.126660652,17.300389967,104.776023466,74.341208050,0.011610957,0.018603398,10.607869148,0.369168009,10.124328828,0.653245871,0.623468852,28.048187647,0.094794436,0.109069363,0.027646580,,0.472299336,0.311817932,0.119998603,2.944638590,0.170448384,0.036691430,0.007564028,0.008600177,0.022024557,0.001133895,0.097652200,0.862669887,0.480537700,0.073039692,0.563503655,0.012096858,0.075796344,0.740827050
79,0.25,0.8,A,JO,1,19,61.839733290,0.360022047,0.324344187,2.610000000,23.710947275,0.760442960,40.510939909,3.157956433,61.374557065,6.957651461,6.439333076,33.993398054,56.363421114,2363.370708720,0.036346299,39.705790454,16.657630660,16.113485257,103.376956592,72.835526979,0.011775585,0.019371343,10.074522859,0.376869108,9.745424117,0.775365559,0.750037130,26.608946504,0.071301843,0.132480585,0.008461972,,0.556660532,0.228870114,0.212585125,2.716501194,0.168172399,0.053827962,0.009736233,0.010659255,0.024276144,0.001558921,0.137608522,1.293044227,0.694304656,0.118498001,0.756446034,0.000752182,0.111117967,0.429878145
80,0,1.0,A,JO,1,20,57.842416311,0.364829396,0.328675132,2.570000000,22.098915191,0.807537697,41.969046638,3.210160509,44.184946639,5.781870011,3.066762572,30.198501865,50.070458258,2549.003999304,0.038291388,34.147915943,15.922542315,15.608076920,102.014760666,71.369526562,0.012079119,0.020462915,8.179222751,0.339361982,8.017685575,1.045803755,1.025149448,24.650911943,0.082958021,0.139204427,0.006248116,,0.585375248,0.242793370,0.254086084,2.713281055,0.111733018,0.024309017,0.010945588,0.010702968,0.020974863,0.001082927,0.132640631,1.487438573,0.631463526,0.130833093,0.781105583,0.000000000,0.075640043,0.609440189
,,,,,,,,,,,,,,,,,,,,,,,,,,,,,,,,,,,,,,,,,,,,,,,,,,,,,,,,
,,,,,,,,,,,,,,,,,,,,,,,,,,,,,,,,,,,,,,,,,,,,,,,,,,,,,,,,
,,,,,,,,,,,,,,,,,,,,,,,,,,,,,,,,,,,,,,,,,,,,,,,,,,,,,,,,
,,,,,,,,,,,,,,,,,,,,,,,,,,,,,,,,,,,,,,,,,,,,,,,,,,,,,,,,
,,,,,,,,,,,,,,,,,,,,,,,,,,,,,,,,,,,,,,,,,,,,,,,,,,,,,,,,
,,,,,,,,,,,,,,,,,,,,,,,,,,,,,,,,,,,,,,,,,,,,,,,,,,,,,,,,
,,,,,,,,,,,,,,,,,,,,,,,,,,,,,,,,,,,,,,,,,,,,,,,,,,,,,,,,
,,,,,,,,,,,,,,,,,,,,,,,,,,,,,,,,,,,,,,,,,,,,,,,,,,,,,,,,
,,,,,,,,,,,,,,,,,,,,,,,,,,,,,,,,,,,,,,,,,,,,,,,,,,,,,,,,
,,,,,,,,,,,,,,,,,,,,,,,,,,,,,,,,,,,,,,,,,,,,,,,,,,,,,,,,
,,,,,,,,,,,,,,,,,,,,,,,,,,,,,,,,,,,,,,,,,,,,,,,,,,,,,,,,
,,,,,,,,,,,,,,,,,,,,,,,,,,,,,,,,,,,,,,,,,,,,,,,,,,,,,,,,
,,,,,,,,,,,,,,,,,,,,,,,,,,,,,,,,,,,,,,,,,,,,,,,,,,,,,,,,
,,,,,,,,,,,,,,,,,,,,,,,,,,,,,,,,,,,,,,,,,,,,,,,,,,,,,,,,
,,,,,,,,,,,,,,,,,,,,,,,,,,,,,,,,,,,,,,,,,,,,,,,,,,,,,,,,
,,,,,,,,,,,,,,,,,,,,,,,,,,,,,,,,,,,,,,,,,,,,,,,,,,,,,,,,
,,,,,,,,,,,,,,,,,,,,,,,,,,,,,,,,,,,,,,,,,,,,,,,,,,,,,,,,
,,,,,,,,,,,,,,,,,,,,,,,,,,,,,,,,,,,,,,,,,,,,,,,,,,,,,,,,
,,,,,,,,,,,,,,,,,,,,,,,,,,,,,,,,,,,,,,,,,,,,,,,,,,,,,,,,
,,,,,,,,,,,,,,,,,,,,,,,,,,,,,,,,,,,,,,,,,,,,,,,,,,,,,,,,
,,,,,,,,,,,,,,,,,,,,,,,,,,,,,,,,,,,,,,,,,,,,,,,,,,,,,,,,
,,,,,,,,,,,,,,,,,,,,,,,,,,,,,,,,,,,,,,,,,,,,,,,,,,,,,,,,
,,,,,,,,,,,,,,,,,,,,,,,,,,,,,,,,,,,,,,,,,,,,,,,,,,,,,,,,
,,,,,,,,,,,,,,,,,,,,,,,,,,,,,,,,,,,,,,,,,,,,,,,,,,,,,,,,
,,,,,,,,,,,,,,,,,,,,,,,,,,,,,,,,,,,,,,,,,,,,,,,,,,,,,,,,
,,,,,,,,,,,,,,,,,,,,,,,,,,,,,,,,,,,,,,,,,,,,,,,,,,,,,,,,
,,,,,,,,,,,,,,,,,,,,,,,,,,,,,,,,,,,,,,,,,,,,,,,,,,,,,,,,
,,,,,,,,,,,,,,,,,,,,,,,,,,,,,,,,,,,,,,,,,,,,,,,,,,,,,,,,
,,,,,,,,,,,,,,,,,,,,,,,,,,,,,,,,,,,,,,,,,,,,,,,,,,,,,,,,
,,,,,,,,,,,,,,,,,,,,,,,,,,,,,,,,,,,,,,,,,,,,,,,,,,,,,,,,
,,,,,,,,,,,,,,,,,,,,,,,,,,,,,,,,,,,,,,,,,,,,,,,,,,,,,,,,
,,,,,,,,,,,,,,,,,,,,,,,,,,,,,,,,,,,,,,,,,,,,,,,,,,,,,,,,
,,,,,,,,,,,,,,,,,,,,,,,,,,,,,,,,,,,,,,,,,,,,,,,,,,,,,,,,
,,,,,,,,,,,,,,,,,,,,,,,,,,,,,,,,,,,,,,,,,,,,,,,,,,,,,,,,
,,,,,,,,,,,,,,,,,,,,,,,,,,,,,,,,,,,,,,,,,,,,,,,,,,,,,,,,
,,,,,,,,,,,,,,,,,,,,,,,,,,,,,,,,,,,,,,,,,,,,,,,,,,,,,,,,
,,,,,,,,,,,,,,,,,,,,,,,,,,,,,,,,,,,,,,,,,,,,,,,,,,,,,,,,
,,,,,,,,,,,,,,,,,,,,,,,,,,,,,,,,,,,,,,,,,,,,,,,,,,,,,,,,
,,,,,,,,,,,,,,,,,,,,,,,,,,,,,,,,,,,,,,,,,,,,,,,,,,,,,,,,
,,,,,,,,,,,,,,,,,,,,,,,,,,,,,,,,,,,,,,,,,,,,,,,,,,,,,,,,
,,,,,,,,,,,,,,,,,,,,,,,,,,,,,,,,,,,,,,,,,,,,,,,,,,,,,,,,
,,,,,,,,,,,,,,,,,,,,,,,,,,,,,,,,,,,,,,,,,,,,,,,,,,,,,,,,
,,,,,,,,,,,,,,,,,,,,,,,,,,,,,,,,,,,,,,,,,,,,,,,,,,,,,,,,
,,,,,,,,,,,,,,,,,,,,,,,,,,,,,,,,,,,,,,,,,,,,,,,,,,,,,,,,
,,,,,,,,,,,,,,,,,,,,,,,,,,,,,,,,,,,,,,,,,,,,,,,,,,,,,,,,
,,,,,,,,,,,,,,,,,,,,,,,,,,,,,,,,,,,,,,,,,,,,,,,,,,,,,,,,
,,,,,,,,,,,,,,,,,,,,,,,,,,,,,,,,,,,,,,,,,,,,,,,,,,,,,,,,
,,,,,,,,,,,,,,,,,,,,,,,,,,,,,,,,,,,,,,,,,,,,,,,,,,,,,,,,
,,,,,,,,,,,,,,,,,,,,,,,,,,,,,,,,,,,,,,,,,,,,,,,,,,,,,,,,
,,,,,,,,,,,,,,,,,,,,,,,,,,,,,,,,,,,,,,,,,,,,,,,,,,,,,,,,
,,,,,,,,,,,,,,,,,,,,,,,,,,,,,,,,,,,,,,,,,,,,,,,,,,,,,,,,
,,,,,,,,,,,,,,,,,,,,,,,,,,,,,,,,,,,,,,,,,,,,,,,,,,,,,,,,
,,,,,,,,,,,,,,,,,,,,,,,,,,,,,,,,,,,,,,,,,,,,,,,,,,,,,,,,
,,,,,,,,,,,,,,,,,,,,,,,,,,,,,,,,,,,,,,,,,,,,,,,,,,,,,,,,
,,,,,,,,,,,,,,,,,,,,,,,,,,,,,,,,,,,,,,,,,,,,,,,,,,,,,,,,
,,,,,,,,,,,,,,,,,,,,,,,,,,,,,,,,,,,,,,,,,,,,,,,,,,,,,,,,
,,,,,,,,,,,,,,,,,,,,,,,,,,,,,,,,,,,,,,,,,,,,,,,,,,,,,,,,
,,,,,,,,,,,,,,,,,,,,,,,,,,,,,,,,,,,,,,,,,,,,,,,,,,,,,,,,
,,,,,,,,,,,,,,,,,,,,,,,,,,,,,,,,,,,,,,,,,,,,,,,,,,,,,,,,
,,,,,,,,,,,,,,,,,,,,,,,,,,,,,,,,,,,,,,,,,,,,,,,,,,,,,,,,
,,,,,,,,,,,,,,,,,,,,,,,,,,,,,,,,,,,,,,,,,,,,,,,,,,,,,,,,
,,,,,,,,,,,,,,,,,,,,,,,,,,,,,,,,,,,,,,,,,,,,,,,,,,,,,,,,
,,,,,,,,,,,,,,,,,,,,,,,,,,,,,,,,,,,,,,,,,,,,,,,,,,,,,,,,
,,,,,,,,,,,,,,,,,,,,,,,,,,,,,,,,,,,,,,,,,,,,,,,,,,,,,,,,
,,,,,,,,,,,,,,,,,,,,,,,,,,,,,,,,,,,,,,,,,,,,,,,,,,,,,,,,
,,,,,,,,,,,,,,,,,,,,,,,,,,,,,,,,,,,,,,,,,,,,,,,,,,,,,,,,
,,,,,,,,,,,,,,,,,,,,,,,,,,,,,,,,,,,,,,,,,,,,,,,,,,,,,,,,
,,,,,,,,,,,,,,,,,,,,,,,,,,,,,,,,,,,,,,,,,,,,,,,,,,,,,,,,
,,,,,,,,,,,,,,,,,,,,,,,,,,,,,,,,,,,,,,,,,,,,,,,,,,,,,,,,
,,,,,,,,,,,,,,,,,,,,,,,,,,,,,,,,,,,,,,,,,,,,,,,,,,,,,,,,
,,,,,,,,,,,,,,,,,,,,,,,,,,,,,,,,,,,,,,,,,,,,,,,,,,,,,,,,
,,,,,,,,,,,,,,,,,,,,,,,,,,,,,,,,,,,,,,,,,,,,,,,,,,,,,,,,
,,,,,,,,,,,,,,,,,,,,,,,,,,,,,,,,,,,,,,,,,,,,,,,,,,,,,,,,
,,,,,,,,,,,,,,,,,,,,,,,,,,,,,,,,,,,,,,,,,,,,,,,,,,,,,,,,
,,,,,,,,,,,,,,,,,,,,,,,,,,,,,,,,,,,,,,,,,,,,,,,,,,,,,,,,
,,,,,,,,,,,,,,,,,,,,,,,,,,,,,,,,,,,,,,,,,,,,,,,,,,,,,,,,
,,,,,,,,,,,,,,,,,,,,,,,,,,,,,,,,,,,,,,,,,,,,,,,,,,,,,,,,
,,,,,,,,,,,,,,,,,,,,,,,,,,,,,,,,,,,,,,,,,,,,,,,,,,,,,,,,
,,,,,,,,,,,,,,,,,,,,,,,,,,,,,,,,,,,,,,,,,,,,,,,,,,,,,,,,
,,,,,,,,,,,,,,,,,,,,,,,,,,,,,,,,,,,,,,,,,,,,,,,,,,,,,,,,
,,,,,,,,,,,,,,,,,,,,,,,,,,,,,,,,,,,,,,,,,,,,,,,,,,,,,,,,
,,,,,,,,,,,,,,,,,,,,,,,,,,,,,,,,,,,,,,,,,,,,,,,,,,,,,,,,
,,,,,,,,,,,,,,,,,,,,,,,,,,,,,,,,,,,,,,,,,,,,,,,,,,,,,,,,
,,,,,,,,,,,,,,,,,,,,,,,,,,,,,,,,,,,,,,,,,,,,,,,,,,,,,,,,
,,,,,,,,,,,,,,,,,,,,,,,,,,,,,,,,,,,,,,,,,,,,,,,,,,,,,,,,
,,,,,,,,,,,,,,,,,,,,,,,,,,,,,,,,,,,,,,,,,,,,,,,,,,,,,,,,
,,,,,,,,,,,,,,,,,,,,,,,,,,,,,,,,,,,,,,,,,,,,,,,,,,,,,,,,
,,,,,,,,,,,,,,,,,,,,,,,,,,,,,,,,,,,,,,,,,,,,,,,,,,,,,,,,
,,,,,,,,,,,,,,,,,,,,,,,,,,,,,,,,,,,,,,,,,,,,,,,,,,,,,,,,
,,,,,,,,,,,,,,,,,,,,,,,,,,,,,,,,,,,,,,,,,,,,,,,,,,,,,,,,
,,,,,,,,,,,,,,,,,,,,,,,,,,,,,,,,,,,,,,,,,,,,,,,,,,,,,,,,
,,,,,,,,,,,,,,,,,,,,,,,,,,,,,,,,,,,,,,,,,,,,,,,,,,,,,,,,
,,,,,,,,,,,,,,,,,,,,,,,,,,,,,,,,,,,,,,,,,,,,,,,,,,,,,,,,
,,,,,,,,,,,,,,,,,,,,,,,,,,,,,,,,,,,,,,,,,,,,,,,,,,,,,,,,
,,,,,,,,,,,,,,,,,,,,,,,,,,,,,,,,,,,,,,,,,,,,,,,,,,,,,,,,
,,,,,,,,,,,,,,,,,,,,,,,,,,,,,,,,,,,,,,,,,,,,,,,,,,,,,,,,
,,,,,,,,,,,,,,,,,,,,,,,,,,,,,,,,,,,,,,,,,,,,,,,,,,,,,,,,
,,,,,,,,,,,,,,,,,,,,,,,,,,,,,,,,,,,,,,,,,,,,,,,,,,,,,,,,
,,,,,,,,,,,,,,,,,,,,,,,,,,,,,,,,,,,,,,,,,,,,,,,,,,,,,,,,
,,,,,,,,,,,,,,,,,,,,,,,,,,,,,,,,,,,,,,,,,,,,,,,,,,,,,,,,
,,,,,,,,,,,,,,,,,,,,,,,,,,,,,,,,,,,,,,,,,,,,,,,,,,,,,,,,
,,,,,,,,,,,,,,,,,,,,,,,,,,,,,,,,,,,,,,,,,,,,,,,,,,,,,,,,
,,,,,,,,,,,,,,,,,,,,,,,,,,,,,,,,,,,,,,,,,,,,,,,,,,,,,,,,
,,,,,,,,,,,,,,,,,,,,,,,,,,,,,,,,,,,,,,,,,,,,,,,,,,,,,,,,
,,,,,,,,,,,,,,,,,,,,,,,,,,,,,,,,,,,,,,,,,,,,,,,,,,,,,,,,
,,,,,,,,,,,,,,,,,,,,,,,,,,,,,,,,,,,,,,,,,,,,,,,,,,,,,,,,
,,,,,,,,,,,,,,,,,,,,,,,,,,,,,,,,,,,,,,,,,,,,,,,,,,,,,,,,
,,,,,,,,,,,,,,,,,,,,,,,,,,,,,,,,,,,,,,,,,,,,,,,,,,,,,,,,
,,,,,,,,,,,,,,,,,,,,,,,,,,,,,,,,,,,,,,,,,,,,,,,,,,,,,,,,
,,,,,,,,,,,,,,,,,,,,,,,,,,,,,,,,,,,,,,,,,,,,,,,,,,,,,,,,
,,,,,,,,,,,,,,,,,,,,,,,,,,,,,,,,,,,,,,,,,,,,,,,,,,,,,,,,
,,,,,,,,,,,,,,,,,,,,,,,,,,,,,,,,,,,,,,,,,,,,,,,,,,,,,,,,
,,,,,,,,,,,,,,,,,,,,,,,,,,,,,,,,,,,,,,,,,,,,,,,,,,,,,,,,
,,,,,,,,,,,,,,,,,,,,,,,,,,,,,,,,,,,,,,,,,,,,,,,,,,,,,,,,
,,,,,,,,,,,,,,,,,,,,,,,,,,,,,,,,,,,,,,,,,,,,,,,,,,,,,,,,
,,,,,,,,,,,,,,,,,,,,,,,,,,,,,,,,,,,,,,,,,,,,,,,,,,,,,,,,
,,,,,,,,,,,,,,,,,,,,,,,,,,,,,,,,,,,,,,,,,,,,,,,,,,,,,,,,
,,,,,,,,,,,,,,,,,,,,,,,,,,,,,,,,,,,,,,,,,,,,,,,,,,,,,,,,
,,,,,,,,,,,,,,,,,,,,,,,,,,,,,,,,,,,,,,,,,,,,,,,,,,,,,,,,
,,,,,,,,,,,,,,,,,,,,,,,,,,,,,,,,,,,,,,,,,,,,,,,,,,,,,,,,
,,,,,,,,,,,,,,,,,,,,,,,,,,,,,,,,,,,,,,,,,,,,,,,,,,,,,,,,
,,,,,,,,,,,,,,,,,,,,,,,,,,,,,,,,,,,,,,,,,,,,,,,,,,,,,,,,
,,,,,,,,,,,,,,,,,,,,,,,,,,,,,,,,,,,,,,,,,,,,,,,,,,,,,,,,
,,,,,,,,,,,,,,,,,,,,,,,,,,,,,,,,,,,,,,,,,,,,,,,,,,,,,,,,
,,,,,,,,,,,,,,,,,,,,,,,,,,,,,,,,,,,,,,,,,,,,,,,,,,,,,,,,
,,,,,,,,,,,,,,,,,,,,,,,,,,,,,,,,,,,,,,,,,,,,,,,,,,,,,,,,
,,,,,,,,,,,,,,,,,,,,,,,,,,,,,,,,,,,,,,,,,,,,,,,,,,,,,,,,
,,,,,,,,,,,,,,,,,,,,,,,,,,,,,,,,,,,,,,,,,,,,,,,,,,,,,,,,
,,,,,,,,,,,,,,,,,,,,,,,,,,,,,,,,,,,,,,,,,,,,,,,,,,,,,,,,
,,,,,,,,,,,,,,,,,,,,,,,,,,,,,,,,,,,,,,,,,,,,,,,,,,,,,,,,
,,,,,,,,,,,,,,,,,,,,,,,,,,,,,,,,,,,,,,,,,,,,,,,,,,,,,,,,
,,,,,,,,,,,,,,,,,,,,,,,,,,,,,,,,,,,,,,,,,,,,,,,,,,,,,,,,
,,,,,,,,,,,,,,,,,,,,,,,,,,,,,,,,,,,,,,,,,,,,,,,,,,,,,,,,
,,,,,,,,,,,,,,,,,,,,,,,,,,,,,,,,,,,,,,,,,,,,,,,,,,,,,,,,
,,,,,,,,,,,,,,,,,,,,,,,,,,,,,,,,,,,,,,,,,,,,,,,,,,,,,,,,
,,,,,,,,,,,,,,,,,,,,,,,,,,,,,,,,,,,,,,,,,,,,,,,,,,,,,,,,
,,,,,,,,,,,,,,,,,,,,,,,,,,,,,,,,,,,,,,,,,,,,,,,,,,,,,,,,
,,,,,,,,,,,,,,,,,,,,,,,,,,,,,,,,,,,,,,,,,,,,,,,,,,,,,,,,
,,,,,,,,,,,,,,,,,,,,,,,,,,,,,,,,,,,,,,,,,,,,,,,,,,,,,,,,
,,,,,,,,,,,,,,,,,,,,,,,,,,,,,,,,,,,,,,,,,,,,,,,,,,,,,,,,
,,,,,,,,,,,,,,,,,,,,,,,,,,,,,,,,,,,,,,,,,,,,,,,,,,,,,,,,
,,,,,,,,,,,,,,,,,,,,,,,,,,,,,,,,,,,,,,,,,,,,,,,,,,,,,,,,
,,,,,,,,,,,,,,,,,,,,,,,,,,,,,,,,,,,,,,,,,,,,,,,,,,,,,,,,
,,,,,,,,,,,,,,,,,,,,,,,,,,,,,,,,,,,,,,,,,,,,,,,,,,,,,,,,
,,,,,,,,,,,,,,,,,,,,,,,,,,,,,,,,,,,,,,,,,,,,,,,,,,,,,,,,
,,,,,,,,,,,,,,,,,,,,,,,,,,,,,,,,,,,,,,,,,,,,,,,,,,,,,,,,
,,,,,,,,,,,,,,,,,,,,,,,,,,,,,,,,,,,,,,,,,,,,,,,,,,,,,,,,
,,,,,,,,,,,,,,,,,,,,,,,,,,,,,,,,,,,,,,,,,,,,,,,,,,,,,,,,
,,,,,,,,,,,,,,,,,,,,,,,,,,,,,,,,,,,,,,,,,,,,,,,,,,,,,,,,
,,,,,,,,,,,,,,,,,,,,,,,,,,,,,,,,,,,,,,,,,,,,,,,,,,,,,,,,
,,,,,,,,,,,,,,,,,,,,,,,,,,,,,,,,,,,,,,,,,,,,,,,,,,,,,,,,
,,,,,,,,,,,,,,,,,,,,,,,,,,,,,,,,,,,,,,,,,,,,,,,,,,,,,,,,
,,,,,,,,,,,,,,,,,,,,,,,,,,,,,,,,,,,,,,,,,,,,,,,,,,,,,,,,
,,,,,,,,,,,,,,,,,,,,,,,,,,,,,,,,,,,,,,,,,,,,,,,,,,,,,,,,
,,,,,,,,,,,,,,,,,,,,,,,,,,,,,,,,,,,,,,,,,,,,,,,,,,,,,,,,
,,,,,,,,,,,,,,,,,,,,,,,,,,,,,,,,,,,,,,,,,,,,,,,,,,,,,,,,
,,,,,,,,,,,,,,,,,,,,,,,,,,,,,,,,,,,,,,,,,,,,,,,,,,,,,,,,
,,,,,,,,,,,,,,,,,,,,,,,,,,,,,,,,,,,,,,,,,,,,,,,,,,,,,,,,
,,,,,,,,,,,,,,,,,,,,,,,,,,,,,,,,,,,,,,,,,,,,,,,,,,,,,,,,
,,,,,,,,,,,,,,,,,,,,,,,,,,,,,,,,,,,,,,,,,,,,,,,,,,,,,,,,
,,,,,,,,,,,,,,,,,,,,,,,,,,,,,,,,,,,,,,,,,,,,,,,,,,,,,,,,
,,,,,,,,,,,,,,,,,,,,,,,,,,,,,,,,,,,,,,,,,,,,,,,,,,,,,,,,
,,,,,,,,,,,,,,,,,,,,,,,,,,,,,,,,,,,,,,,,,,,,,,,,,,,,,,,,
,,,,,,,,,,,,,,,,,,,,,,,,,,,,,,,,,,,,,,,,,,,,,,,,,,,,,,,,
,,,,,,,,,,,,,,,,,,,,,,,,,,,,,,,,,,,,,,,,,,,,,,,,,,,,,,,,
,,,,,,,,,,,,,,,,,,,,,,,,,,,,,,,,,,,,,,,,,,,,,,,,,,,,,,,,
,,,,,,,,,,,,,,,,,,,,,,,,,,,,,,,,,,,,,,,,,,,,,,,,,,,,,,,,
,,,,,,,,,,,,,,,,,,,,,,,,,,,,,,,,,,,,,,,,,,,,,,,,,,,,,,,,
,,,,,,,,,,,,,,,,,,,,,,,,,,,,,,,,,,,,,,,,,,,,,,,,,,,,,,,,
,,,,,,,,,,,,,,,,,,,,,,,,,,,,,,,,,,,,,,,,,,,,,,,,,,,,,,,,
,,,,,,,,,,,,,,,,,,,,,,,,,,,,,,,,,,,,,,,,,,,,,,,,,,,,,,,,
,,,,,,,,,,,,,,,,,,,,,,,,,,,,,,,,,,,,,,,,,,,,,,,,,,,,,,,,
,,,,,,,,,,,,,,,,,,,,,,,,,,,,,,,,,,,,,,,,,,,,,,,,,,,,,,,,
,,,,,,,,,,,,,,,,,,,,,,,,,,,,,,,,,,,,,,,,,,,,,,,,,,,,,,,,
,,,,,,,,,,,,,,,,,,,,,,,,,,,,,,,,,,,,,,,,,,,,,,,,,,,,,,,,
,,,,,,,,,,,,,,,,,,,,,,,,,,,,,,,,,,,,,,,,,,,,,,,,,,,,,,,,
,,,,,,,,,,,,,,,,,,,,,,,,,,,,,,,,,,,,,,,,,,,,,,,,,,,,,,,,
,,,,,,,,,,,,,,,,,,,,,,,,,,,,,,,,,,,,,,,,,,,,,,,,,,,,,,,,
,,,,,,,,,,,,,,,,,,,,,,,,,,,,,,,,,,,,,,,,,,,,,,,,,,,,,,,,
,,,,,,,,,,,,,,,,,,,,,,,,,,,,,,,,,,,,,,,,,,,,,,,,,,,,,,,,
,,,,,,,,,,,,,,,,,,,,,,,,,,,,,,,,,,,,,,,,,,,,,,,,,,,,,,,,
,,,,,,,,,,,,,,,,,,,,,,,,,,,,,,,,,,,,,,,,,,,,,,,,,,,,,,,,
,,,,,,,,,,,,,,,,,,,,,,,,,,,,,,,,,,,,,,,,,,,,,,,,,,,,,,,,
,,,,,,,,,,,,,,,,,,,,,,,,,,,,,,,,,,,,,,,,,,,,,,,,,,,,,,,,
,,,,,,,,,,,,,,,,,,,,,,,,,,,,,,,,,,,,,,,,,,,,,,,,,,,,,,,,
,,,,,,,,,,,,,,,,,,,,,,,,,,,,,,,,,,,,,,,,,,,,,,,,,,,,,,,,
,,,,,,,,,,,,,,,,,,,,,,,,,,,,,,,,,,,,,,,,,,,,,,,,,,,,,,,,
,,,,,,,,,,,,,,,,,,,,,,,,,,,,,,,,,,,,,,,,,,,,,,,,,,,,,,,,
,,,,,,,,,,,,,,,,,,,,,,,,,,,,,,,,,,,,,,,,,,,,,,,,,,,,,,,,
,,,,,,,,,,,,,,,,,,,,,,,,,,,,,,,,,,,,,,,,,,,,,,,,,,,,,,,,
